"locationid","time","ssp","pfl","dr","slr","migrcost","migration_submergence_cummulative_1p0","landloss_submergence_cummulative_1p0","migration_submergence_cummulative_10p0","landloss_submergence_cummulative_10p0","migration_submergence_cummulative_100p0","landloss_submergence_cummulative_100p0","landloss_change1_10","landloss_change10_100","landloss_change1_100","migration_change1_10","migration_change10_100","migration_change1_100"
"GLOBAL_000",2100,"SSP1","Table protection levels","Discount rate 0.0","H++","Migrationcost 3.0",48582.37365,383305.7055,59940.64085,404784.0815,61534.156,414607.742,-5.60345846456491,-2.4268890376313,-8.16633722140096,-23.379399454271,-2.65848867713599,-26.6594268186812
"GLOBAL_000",2100,"SSP1","Table protection levels","Discount rate 0.0","RCP 2.6 hig","Migrationcost 3.0",24676.6911,123382.09725,33411.88675,135043.9103,32778.574875,136343.114,-9.45178701766636,-0.962060189988451,-10.5047790877943,-35.3985695026997,1.89546875858485,-32.8321319182052
"GLOBAL_000",2100,"SSP1","Table protection levels","Discount rate 0.0","RCP 2.6 low","Migrationcost 3.0",19135.39858,61024.12255,27881.563825,68071.7149,26458.68165,69000.5256,-11.5488630651356,-1.36445908754384,-13.0709016642796,-45.7067314716995,5.10330835074672,-38.2708676769042
"GLOBAL_000",2100,"SSP1","Table protection levels","Discount rate 0.0","RCP 8.5 hig","Migrationcost 3.0",34485.94255,240096.4385,44512.8757,258176.313,45698.200275,262226.9565,-7.53025518119046,-1.56894466921912,-9.21734538765346,-29.0754214864862,-2.66288024837723,-32.5125453907595
"GLOBAL_000",2100,"SSP1","Table protection levels","Discount rate 0.0","RCP 8.5 low","Migrationcost 3.0",24710.981375,126095.45175,34197.383,138665.1415,33641.314355,140645.85185,-9.96839265457488,-1.42841259784097,-11.539195028896,-38.3894167578361,1.62605613710265,-36.1391271535447
"GLOBAL_000",2100,"SSP1","Table protection levels","Discount rate 1.5","H++","Migrationcost 3.0",47382.8911,386345.958,55662.2228,409383.624,57752.3992,415800.9715,-5.96296286345515,-1.56756331318225,-7.62399939486361,-17.4732514369517,-3.75510767421239,-21.8844985168075
"GLOBAL_000",2100,"SSP1","Table protection levels","Discount rate 1.5","RCP 2.6 hig","Migrationcost 3.0",23566.195085,124290.40275,28405.153685,133046.2271,28181.168225,137746.09295,-7.0446503963879,-3.53250592101909,-10.8260090097745,-20.5334742521928,0.788538102922783,-19.5830218809376
"GLOBAL_000",2100,"SSP1","Table protection levels","Discount rate 1.5","RCP 2.6 low","Migrationcost 3.0",17808.361265,61250.93625,24053.79586,67075.51455,22394.368715,70106.9922,-9.50937023432031,-4.51949965697279,-14.4586458464135,-35.0702375253055,6.89881611475519,-25.7519902126716
"GLOBAL_000",2100,"SSP1","Table protection levels","Discount rate 1.5","RCP 8.5 hig","Migrationcost 3.0",33541.24475,241471.7,39948.9024,257860.1275,40263.48155,260643.456,-6.78689366083064,-1.07939468074606,-7.9395457107396,-19.1038159071303,-0.787453799982244,-20.0417034314148
"GLOBAL_000",2100,"SSP1","Table protection levels","Discount rate 1.5","RCP 8.5 low","Migrationcost 3.0",22468.8699,126605.3472,29319.56953,136902.5605,28662.86916,138587.69895,-8.13331626801936,-1.230903530106,-9.46433307518309,-30.4897382934244,2.23980222263516,-27.5670262348174
"GLOBAL_000",2100,"SSP1","Table protection levels","Discount rate 3.0","H++","Migrationcost 3.0",45652.9425,387526.5575,52799.6112,409728.2695,50803.1332,410903.8945,-5.72908141914893,-0.286927968488638,-6.03244772456659,-15.6543440765072,3.78123617698155,-11.2811801780356
"GLOBAL_000",2100,"SSP1","Table protection levels","Discount rate 3.0","RCP 2.6 hig","Migrationcost 3.0",23382.74376,123952.76275,26089.56903,131407.0242,23983.683,135718.4658,-6.01379209678005,-3.28098260062417,-9.49208616973728,-11.576166158184,8.07175475983705,-2.57001165546707
"GLOBAL_000",2100,"SSP1","Table protection levels","Discount rate 3.0","RCP 2.6 low","Migrationcost 3.0",18508.28082,61673.3669,21622.77953,66191.76025,18398.18499,68930.2576,-7.32632832795773,-4.1372178948814,-11.7666523894612,-16.8275959301119,14.9129511103145,0.594846334301504
"GLOBAL_000",2100,"SSP1","Table protection levels","Discount rate 3.0","RCP 8.5 hig","Migrationcost 3.0",31627.1527,241638.568,36026.5694,254920.5545,37625.26495,262742.478,-5.49663350926662,-3.06837693623486,-8.73366788036916,-13.910252186565,-4.43754589078359,-18.9650719016511
"GLOBAL_000",2100,"SSP1","Table protection levels","Discount rate 3.0","RCP 8.5 low","Migrationcost 3.0",23102.796445,127260.97225,27201.04345,135370.19005,25168.79823,140278.659,-6.37211680582615,-3.62596000506982,-10.2291272177516,-17.7391815521405,7.471203168127,-8.94264808989014
"GLOBAL_000",2100,"SSP1","Table protection levels","Discount rate 4.5","H++","Migrationcost 3.0",44743.00295,385079.1928,49033.17805,405567.364,52244.74225,417648.8,-5.32050850398479,-2.978897483477,-8.45789848139517,-9.58848270598699,-6.54977777847708,-16.7662847940339
"GLOBAL_000",2100,"SSP1","Table protection levels","Discount rate 4.5","RCP 2.6 hig","Migrationcost 3.0",22896.895255,123784.21655,22933.009,129793.27695,19866.24445,133995.2553,-4.85446413725353,-3.23743914071814,-8.24906360002324,-0.157723327105288,13.3727089628753,13.2360775172704
"GLOBAL_000",2100,"SSP1","Table protection levels","Discount rate 4.5","RCP 2.6 low","Migrationcost 3.0",18330.575205,61646.6566,19136.31702,65147.48575,14602.480675,67801.8776,-5.67886296367287,-4.07443482958973,-9.98467936377916,-4.39561664589891,23.6923141493817,20.3381208080317
"GLOBAL_000",2100,"SSP1","Table protection levels","Discount rate 4.5","RCP 8.5 hig","Migrationcost 3.0",31300.5711,240585.9115,33927.85655,252548.7385,33434.4417,259596.668,-4.97237220808751,-2.79072053254386,-7.90185775279697,-8.39373007478447,1.45430598974869,-6.81735356579485
"GLOBAL_000",2100,"SSP1","Table protection levels","Discount rate 4.5","RCP 8.5 low","Migrationcost 3.0",22763.13825,126908.3425,24362.17585,134007.9265,20857.28368,138297.945,-5.59426107074088,-3.2013169758283,-8.97466807589896,-7.02467991205035,14.3866138705341,8.37254753307137
"GLOBAL_000",2100,"SSP1","Table protection levels","Discount rate 6.0","H++","Migrationcost 3.0",43655.1276,384219.59125,48317.90545,404825.4615,49946.483025,415341.3985,-5.36304517501617,-2.59764713440586,-8.10000529872773,-10.6809396887435,-3.37054671520328,-14.4114924657785
"GLOBAL_000",2100,"SSP1","Table protection levels","Discount rate 6.0","RCP 2.6 hig","Migrationcost 3.0",22795.437265,123675.483,21740.26548,128953.54535,18490.28789,132814.7983,-4.26767069913122,-2.99429762828153,-7.3897550899397,4.62887275525137,14.9491163895391,18.8860135690843
"GLOBAL_000",2100,"SSP1","Table protection levels","Discount rate 6.0","RCP 2.6 low","Migrationcost 3.0",18741.991425,62058.1595,17739.81065,64450.11695,12996.27346,67032.4588,-3.85438026082614,-4.00672950214094,-8.0155443540023,5.34724807131855,26.7395029382684,30.6569234544402
"GLOBAL_000",2100,"SSP1","Table protection levels","Discount rate 6.0","RCP 8.5 hig","Migrationcost 3.0",30755.2522,240246.439,32341.3258,251581.4195,31349.008425,257540.147,-4.718063896048,-2.36850857739914,-7.1983202215122,-5.15708208043893,3.06826436595867,-1.93058480268291
"GLOBAL_000",2100,"SSP1","Table protection levels","Discount rate 6.0","RCP 8.5 low","Migrationcost 3.0",23672.51295,127229.76295,22978.22245,133039.26735,19272.612165,136807.817,-4.56615202708747,-2.83265965384918,-7.52815522714137,2.9328973289251,16.1266185539953,18.5865387181043
"GLOBAL_000",2100,"SSP2","Table protection levels","Discount rate 0.0","H++","Migrationcost 3.0",53754.80125,384583.0435,66117.15595,409438.1075,65634.94535,413203.033,-6.46286008186941,-0.919534706475755,-7.44182302982892,-22.9976753936933,0.729327499151158,-22.1006195237304
"GLOBAL_000",2100,"SSP2","Table protection levels","Discount rate 0.0","RCP 2.6 hig","Migrationcost 3.0",26035.039875,123459.08815,34772.04152,134759.671,33969.04103,136218.2567,-9.15330172880433,-1.08236068638072,-10.3347341546034,-33.5586259400726,2.30932799714429,-30.4743191986373
"GLOBAL_000",2100,"SSP2","Table protection levels","Discount rate 0.0","RCP 2.6 low","Migrationcost 3.0",20559.936325,61224.5385,29137.90314,68136.98,27288.645635,68944.56615,-11.2903121352234,-1.18523913152594,-12.6093684642474,-41.7217576912899,6.34657029407641,-32.7272867174116
"GLOBAL_000",2100,"SSP2","Table protection levels","Discount rate 0.0","RCP 8.5 hig","Migrationcost 3.0",37317.95775,240055.2035,47946.6271,256107.691,48315.79495,261161.856,-6.68699835119383,-1.9734530346455,-8.79241615772765,-28.4813799865562,-0.769955828655162,-29.4706298604993
"GLOBAL_000",2100,"SSP2","Table protection levels","Discount rate 0.0","RCP 8.5 low","Migrationcost 3.0",26410.57085,126970.76145,36186.968005,138719.85935,34973.72176,140219.0175,-9.25338854853344,-1.08070910468377,-10.434099865753,-37.0169853977238,3.35271594136421,-32.4231950859177
"GLOBAL_000",2100,"SSP2","Table protection levels","Discount rate 1.5","H++","Migrationcost 3.0",53425.5123,389166.4515,60917.0503,409074.896,63209.89955,414800.841,-5.11566308536233,-1.39973023424053,-6.58699880249056,-14.022398059438,-3.76388751377215,-18.3140728629007
"GLOBAL_000",2100,"SSP2","Table protection levels","Discount rate 1.5","RCP 2.6 hig","Migrationcost 3.0",25245.384025,124523.19475,29609.1921,132887.40465,28384.16435,133685.1217,-6.71698948681207,-0.600295454712967,-7.35760672410791,-17.2855682079489,4.13732244318818,-12.4330860718606
"GLOBAL_000",2100,"SSP2","Table protection levels","Discount rate 1.5","RCP 2.6 low","Migrationcost 3.0",19126.736095,61425.14885,24987.30193,66999.33975,23415.49413,70022.20515,-9.07476986927969,-4.51178386425815,-13.9959877362186,-30.6407000436004,6.29042625091457,-22.4228431536792
"GLOBAL_000",2100,"SSP2","Table protection levels","Discount rate 1.5","RCP 8.5 hig","Migrationcost 3.0",36261.4236,242480.9115,43406.62985,257774.3815,43833.679,259979.041,-6.30708203189842,-0.855267108845729,-7.21629153889089,-19.7047041749348,-0.983833924623381,-20.8823996639779
"GLOBAL_000",2100,"SSP2","Table protection levels","Discount rate 1.5","RCP 8.5 low","Migrationcost 3.0",24601.17055,126596.04285,30978.65845,136578.81895,29698.91122,137918.5125,-7.88553565756261,-0.980894080282297,-8.94377849030849,-25.9235140337662,4.1310608465035,-20.7215370489759
"GLOBAL_000",2100,"SSP2","Table protection levels","Discount rate 3.0","H++","Migrationcost 3.0",51485.7476,387299.8175,56755.5271,407707.619,56605.93977,409747.661,-5.26925151468733,-0.500368868505255,-5.79598607737532,-10.2354141595489,0.263564339269439,-9.94487291857833
"GLOBAL_000",2100,"SSP2","Table protection levels","Discount rate 3.0","RCP 2.6 hig","Migrationcost 3.0",24868.793695,124048.97215,28150.1428,131619.11315,25058.3777,135594.67215,-6.10254230147605,-3.02050280149605,-9.30737256415066,-13.1946452459402,10.9831240358752,-0.76233695660967
"GLOBAL_000",2100,"SSP2","Table protection levels","Discount rate 3.0","RCP 2.6 low","Migrationcost 3.0",19778.5865,61799.965925,22804.86221,66171.4779,19167.764695,68910.2243,-7.07364787272737,-4.13886237230316,-11.5052787951841,-15.3007683840299,15.9487809288544,3.08829857482485
"GLOBAL_000",2100,"SSP2","Table protection levels","Discount rate 3.0","RCP 8.5 hig","Migrationcost 3.0",35567.3757,241970.7805,39367.8826,254689.897,37736.53022,255346.6335,-5.25646793952462,-0.257857303228639,-5.5278794292272,-10.685373394023,4.1438661981785,-6.09871961962041
"GLOBAL_000",2100,"SSP2","Table protection levels","Discount rate 3.0","RCP 8.5 low","Migrationcost 3.0",25903.23433,127471.8972,29491.767925,135470.28,26438.845535,140013.15465,-6.27462442757147,-3.35341054141175,-9.8384488859714,-13.8536120597261,10.3517781564124,-2.06773871624085
"GLOBAL_000",2100,"SSP2","Table protection levels","Discount rate 4.5","H++","Migrationcost 3.0",50913.51095,386187.7905,56184.46035,405957.528,58313.94715,416797.533,-5.11920314062855,-2.67023130557638,-7.92612901106204,-10.3527517581264,-3.79017042565578,-14.5353091191602
"GLOBAL_000",2100,"SSP2","Table protection levels","Discount rate 4.5","RCP 2.6 hig","Migrationcost 3.0",24381.49207,123852.38075,24457.608275,129850.7406,21303.04533,133945.2458,-4.84315264161768,-3.15323977443683,-8.14910863148669,-0.312188461565299,12.8980843487649,12.6261622182994
"GLOBAL_000",2100,"SSP2","Table protection levels","Discount rate 4.5","RCP 2.6 low","Migrationcost 3.0",20366.826005,61815.4765,20036.341075,65124.081,15488.17255,67707.6482,-5.35238857214018,-3.96714573216012,-9.53187135910859,1.62266290250069,22.6995962385313,23.9539212138519
"GLOBAL_000",2100,"SSP2","Table protection levels","Discount rate 4.5","RCP 8.5 hig","Migrationcost 3.0",34263.1958,240637.255,36760.3477,252223.201,37212.7506,259393.5105,-4.81469338569375,-2.84284295480018,-7.79441051220435,-7.28814648398909,-1.23068177616829,-8.60852215075629
"GLOBAL_000",2100,"SSP2","Table protection levels","Discount rate 4.5","RCP 8.5 low","Migrationcost 3.0",25464.09138,127172.9534,26239.90755,133931.1656,22649.251285,138063.01725,-5.31418986452509,-3.08505614170508,-8.56319174702756,-3.04670666792116,13.6839516608739,11.0541548606397
"GLOBAL_000",2100,"SSP2","Table protection levels","Discount rate 6.0","H++","Migrationcost 3.0",49430.5874,384428.73725,55857.1072,405387.648,57167.83448,414237.483,-5.45196254055536,-2.18305492129845,-7.75403679840274,-13.001099396201,-2.34657207597031,-15.6527516401717
"GLOBAL_000",2100,"SSP2","Table protection levels","Discount rate 6.0","RCP 2.6 hig","Migrationcost 3.0",24597.890425,124509.57755,22840.34145,128776.90825,19910.917825,132725.864,-3.42731120285613,-3.06650920857157,-6.59891922506969,7.14512075886687,12.8256560061189,19.0543681552318
"GLOBAL_000",2100,"SSP2","Table protection levels","Discount rate 6.0","RCP 2.6 low","Migrationcost 3.0",21005.861255,62613.6177,18427.70986,64377.67,13519.558505,66959.2462,-2.81736204487031,-4.01004913660279,-6.9403887838284,12.2734857842895,26.6346246619275,35.6391135746364
"GLOBAL_000",2100,"SSP2","Table protection levels","Discount rate 6.0","RCP 8.5 hig","Migrationcost 3.0",34036.4124,242088.6195,35987.37275,251518.532,35372.9936,257374.1545,-3.89523163851162,-2.32810777537458,-6.31402460453124,-5.7319799956355,1.707207564909,-3.92691563462194
"GLOBAL_000",2100,"SSP2","Table protection levels","Discount rate 6.0","RCP 8.5 low","Migrationcost 3.0",26734.12015,129076.68555,24790.47045,132875.19345,21014.257345,136606.03335,-2.94283036771081,-2.80777758672006,-5.83323608591065,7.27029612006886,15.2325189335001,21.395365820558
"GLOBAL_000",2100,"SSP3","Table protection levels","Discount rate 0.0","H++","Migrationcost 3.0",63661.56845,389015.478,71594.1311,406380.7575,73903.439725,409934.8785,-4.46390451847266,-0.87457905779409,-5.37752395034523,-12.4605202842752,-3.22555576765706,-16.0879970826418
"GLOBAL_000",2100,"SSP3","Table protection levels","Discount rate 0.0","RCP 2.6 hig","Migrationcost 3.0",31213.05485,125968.6465,36958.0283,134654.3467,35468.353675,135736.6464,-6.89512862234333,-0.803761428074273,-7.75431043470011,-18.4056750536226,4.03071996403011,-13.6330738706916
"GLOBAL_000",2100,"SSP3","Table protection levels","Discount rate 0.0","RCP 2.6 low","Migrationcost 3.0",23585.335825,62157.19297,30750.309595,68245.81725,28629.0845,68912.20685,-9.79552645329182,-0.97645486104866,-10.867630208559,-30.3789347040175,6.89822353965799,-21.3851043395097
"GLOBAL_000",2100,"SSP3","Table protection levels","Discount rate 0.0","RCP 8.5 hig","Migrationcost 3.0",43473.5491,242774.122,51821.91725,254946.457,53152.3855,260925.2855,-5.01385192940786,-2.34513104059336,-7.47656436792715,-19.2033278230785,-2.56738523119771,-22.2637364567044
"GLOBAL_000",2100,"SSP3","Table protection levels","Discount rate 0.0","RCP 8.5 low","Migrationcost 3.0",30852.25117,128306.5449,38700.08495,138421.01535,37349.47311,139908.99665,-7.88305106172336,-1.07496776861346,-9.04275908843368,-25.4368270787029,3.48994541418958,-21.0591502843648
"GLOBAL_000",2100,"SSP3","Table protection levels","Discount rate 1.5","H++","Migrationcost 3.0",62467.01605,390634.103,68060.9059,407920.195,67352.9611,411098.0805,-4.42513643003668,-0.77904588665927,-5.23865616003321,-8.95494967379669,1.04016364554442,-7.82163989726864
"GLOBAL_000",2100,"SSP3","Table protection levels","Discount rate 1.5","RCP 2.6 hig","Migrationcost 3.0",28975.03922,125162.81975,32141.78055,132703.5289,30415.13925,133397.58565,-6.02471977306185,-0.523013031946575,-6.5792428745598,-10.9292046369834,5.37195286152248,-4.97014005422286
"GLOBAL_000",2100,"SSP3","Table protection levels","Discount rate 1.5","RCP 2.6 low","Migrationcost 3.0",22837.04715,62460.897725,26946.073065,67004.9897,23614.73981,67279.3311,-7.27509872657695,-0.409434284264938,-7.71431975924261,-17.9928074238792,12.3629637868348,-3.4053993709953
"GLOBAL_000",2100,"SSP3","Table protection levels","Discount rate 1.5","RCP 8.5 hig","Migrationcost 3.0",41983.6339,243705.2105,47854.2403,257726.3405,47688.008775,258765.0585,-5.75331564361444,-0.403031369624411,-6.17953468007613,-13.9830830603732,0.347370523401655,-13.587139428157
"GLOBAL_000",2100,"SSP3","Table protection levels","Discount rate 1.5","RCP 8.5 low","Migrationcost 3.0",29540.0744,128288.58635,34053.092755,136710.9722,32526.257375,137579.5095,-6.56518719991336,-0.635309138705691,-7.24220557287323,-15.2776133664714,4.48369077952784,-10.1089216450992
"GLOBAL_000",2100,"SSP3","Table protection levels","Discount rate 3.0","H++","Migrationcost 3.0",60480.83155,387540.6655,65285.11485,407251.8365,65511.218575,409317.9805,-5.08622004211322,-0.507338166417337,-5.61936254403217,-7.94348089613856,-0.346332736825998,-8.31732450775141
"GLOBAL_000",2100,"SSP3","Table protection levels","Discount rate 3.0","RCP 2.6 hig","Migrationcost 3.0",27301.57515,124404.1241,29602.902775,131215.1514,24598.850775,130880.98845,-5.47492082700175,0.254667960547731,-5.20630999724229,-8.42928516891817,16.9039233687109,9.8995181052768
"GLOBAL_000",2100,"SSP3","Table protection levels","Discount rate 3.0","RCP 2.6 low","Migrationcost 3.0",22616.717965,62302.84025,24339.062345,66244.46025,18974.42054,68242.1893,-6.32654945454112,-3.01569224424316,-9.53303096001309,-7.6153594993994,22.0412837970402,16.1044472970683
"GLOBAL_000",2100,"SSP3","Table protection levels","Discount rate 3.0","RCP 8.5 hig","Migrationcost 3.0",40658.75435,242399.6345,44347.16975,253975.778,43371.60113,254904.564,-4.77564395832454,-0.365698653357417,-5.15880707732669,-9.0716389593475,2.1998441512719,-6.67223288900389
"GLOBAL_000",2100,"SSP3","Table protection levels","Discount rate 3.0","RCP 8.5 low","Migrationcost 3.0",29145.377,127891.0332,32042.6247,135484.30195,26707.7646,135181.8006,-5.93729564927777,0.223274095704197,-5.70076511040336,-9.94067669805747,16.6492606331341,8.36363310723344
"GLOBAL_000",2100,"SSP3","Table protection levels","Discount rate 4.5","H++","Migrationcost 3.0",59840.07655,386362.56415,66307.5929,405756.755,67236.34535,407341.231,-5.01968685622204,-0.390498982573938,-5.42978766489793,-10.8080014646973,-1.4006728481317,-12.3600590547707
"GLOBAL_000",2100,"SSP3","Table protection levels","Discount rate 4.5","RCP 2.6 hig","Migrationcost 3.0",26666.2331,124548.80105,26165.3411,129640.3896,23634.748225,133397.6075,-4.0880269477311,-2.89818467191649,-7.10469019003055,1.87837554003831,9.67154552019198,11.3682531148353
"GLOBAL_000",2100,"SSP3","Table protection levels","Discount rate 4.5","RCP 2.6 low","Migrationcost 3.0",22463.91816,62208.99002,21453.43469,65164.2024,16761.352625,67623.73915,-4.75045870227103,-3.77436791891125,-8.70412641044192,4.49825120801634,21.8710063577237,25.3854447580484
"GLOBAL_000",2100,"SSP3","Table protection levels","Discount rate 4.5","RCP 8.5 hig","Migrationcost 3.0",39627.29075,243244.8225,42108.81145,252048.746,44618.0519,259321.8575,-3.6193672734802,-2.88559717730157,-6.60940481066149,-6.2621507880904,-5.95894389700234,-12.5942527373007
"GLOBAL_000",2100,"SSP3","Table protection levels","Discount rate 4.5","RCP 8.5 low","Migrationcost 3.0",29140.1924,128233.03035,28766.57455,133706.412,25977.171075,137927.2138,-4.26830874624185,-3.15676842782976,-7.55981779697527,1.28213926960894,9.69668275988739,10.8544970519824
"GLOBAL_000",2100,"SSP3","Table protection levels","Discount rate 6.0","H++","Migrationcost 3.0",59060.62635,389952.142,66925.99365,405216.1865,70210.56215,413901.7185,-3.91433790354715,-2.14343165188442,-6.14167071301791,-13.3174464716797,-4.9077620231941,-18.8787970752701
"GLOBAL_000",2100,"SSP3","Table protection levels","Discount rate 6.0","RCP 2.6 hig","Migrationcost 3.0",27974.16728,125529.02615,24818.7436,128632.3229,22210.56102,132271.52775,-2.47217463974566,-2.82915271057428,-5.37126894615043,11.2797769757242,10.5089226998582,20.6033166324871
"GLOBAL_000",2100,"SSP3","Table protection levels","Discount rate 6.0","RCP 2.6 low","Migrationcost 3.0",23537.26784,63523.46475,20147.10343,64469.5154,14876.62395,66943.02965,-1.48929321428425,-3.83671916044835,-5.3831523728403,14.4033896926586,26.1599862149514,36.7954511495248
"GLOBAL_000",2100,"SSP3","Table protection levels","Discount rate 6.0","RCP 8.5 hig","Migrationcost 3.0",40087.04555,244450.1105,41781.9658,251256.182,42695.557475,257249.1425,-2.7842374405472,-2.38519922268022,-5.23584627301691,-4.22809969341828,-2.18656939066281,-6.50711941778408
"GLOBAL_000",2100,"SSP3","Table protection levels","Discount rate 6.0","RCP 8.5 low","Migrationcost 3.0",30935.70468,130699.4613,28825.69643,133089.64655,24167.81767,136525.8681,-1.82876442353019,-2.58188494678213,-4.45786596367555,6.82062449142826,16.1587726815591,21.8772679659547
"GLOBAL_000",2100,"SSP4","Table protection levels","Discount rate 0.0","H++","Migrationcost 3.0",57502.87975,392759.1255,63834.76415,410564.75,64757.04505,418426.418,-4.53347187728168,-1.91484242132331,-6.53512314126995,-11.0114213888566,-1.44479409030604,-12.6153078446476
"GLOBAL_000",2100,"SSP4","Table protection levels","Discount rate 0.0","RCP 2.6 hig","Migrationcost 3.0",29183.28405,125930.61095,34751.2586,135271.0065,33832.1058,136502.3241,-7.41709698661633,-0.910259805008555,-8.39487164419256,-19.0793282224863,2.64494823217713,-15.9297416357773
"GLOBAL_000",2100,"SSP4","Table protection levels","Discount rate 0.0","RCP 2.6 low","Migrationcost 3.0",22037.414195,61954.9435,28947.108285,68513.00745,26956.663915,69049.90015,-10.5852149635162,-0.78363615900501,-11.4518006944837,-31.3543777362397,6.87614234348727,-22.3222637486939
"GLOBAL_000",2100,"SSP4","Table protection levels","Discount rate 0.0","RCP 8.5 hig","Migrationcost 3.0",40864.6041,245126.951,47132.6643,260923.938,47339.95455,262817.5905,-6.44441051282035,-0.725748857891297,-7.21692960640627,-15.338604981126,-0.439801681230241,-15.8458661049405
"GLOBAL_000",2100,"SSP4","Table protection levels","Discount rate 0.0","RCP 8.5 low","Migrationcost 3.0",28456.72768,128158.13425,35973.36835,139001.11775,34995.51605,140932.82675,-8.46062839745188,-1.38970752988783,-9.96791391725493,-26.4142833094715,2.71826727618627,-22.9780052138447
"GLOBAL_000",2100,"SSP4","Table protection levels","Discount rate 1.5","H++","Migrationcost 3.0",53443.1014,391028.94,60412.2497,414507.938,60439.4458,416242.1065,-6.00441440472412,-0.418367983099993,-6.44790293526612,-13.0403141236859,-0.0450175256426529,-13.0912020760831
"GLOBAL_000",2100,"SSP4","Table protection levels","Discount rate 1.5","RCP 2.6 hig","Migrationcost 3.0",26556.549285,125042.7834,30281.48459,133417.38335,28108.518095,134043.98405,-6.69738766387696,-0.469654466506976,-7.19849671068662,-14.026428151582,7.17589155360497,-5.84401532497522
"GLOBAL_000",2100,"SSP4","Table protection levels","Discount rate 1.5","RCP 2.6 low","Migrationcost 3.0",20750.20125,62239.3695,25316.593985,67309.6013,22217.79326,67557.79755,-8.14634184236072,-0.368738256068096,-8.54511877727168,-22.0064985393816,12.2401960028116,-7.07266398199391
"GLOBAL_000",2100,"SSP4","Table protection levels","Discount rate 1.5","RCP 8.5 hig","Migrationcost 3.0",36813.8412,243671.212,42283.167,258419.2115,41840.0137,260525.2235,-6.05241767336882,-0.814959533300793,-6.91670196149391,-14.8567104700826,1.04806080396012,-13.6529423069278
"GLOBAL_000",2100,"SSP4","Table protection levels","Discount rate 1.5","RCP 8.5 low","Migrationcost 3.0",26533.68558,128388.46185,31431.73712,137336.24005,29227.766895,138380.61375,-6.96930087880789,-0.76045019116569,-7.78274913182939,-18.4597481764537,7.01192624698307,-10.1534380019589
"GLOBAL_000",2100,"SSP4","Table protection levels","Discount rate 3.0","H++","Migrationcost 3.0",50409.97425,388166.5645,57723.69245,411489.7055,54992.6062,411320.569,-6.00853940885988,0.0411034584193174,-5.96496623294303,-14.5084743819325,4.73130898957244,-9.09072463967784
"GLOBAL_000",2100,"SSP4","Table protection levels","Discount rate 3.0","RCP 2.6 hig","Migrationcost 3.0",24635.4574,124345.5465,27761.34025,131743.36385,21878.183555,131254.91215,-5.94940273956655,0.370760003180232,-5.5565847305999,-12.6885521110722,21.1919044326399,11.1922981588318
"GLOBAL_000",2100,"SSP4","Table protection levels","Discount rate 3.0","RCP 2.6 low","Migrationcost 3.0",20571.817215,62027.0781,22445.84301,66323.05035,17784.33414,68418.3551,-6.92596263050477,-3.15924062440231,-10.3040110799609,-9.10967551098767,20.7678048355022,13.5500089557839
"GLOBAL_000",2100,"SSP4","Table protection levels","Discount rate 3.0","RCP 8.5 hig","Migrationcost 3.0",35012.94825,242593.0595,38660.16945,255517.313,35863.65035,255409.1045,-5.32754462416926,0.0423487937977838,-5.2829396794841,-10.4167783128632,7.2335924538996,-2.42967856898484
"GLOBAL_000",2100,"SSP4","Table protection levels","Discount rate 3.0","RCP 8.5 low","Migrationcost 3.0",25630.66035,127847.38695,28710.00725,135727.9509,22995.960015,135502.669,-6.16403990570571,0.165980476759708,-5.98782832612285,-12.0143096508241,19.9026325045599,10.2794867514992
"GLOBAL_000",2100,"SSP4","Table protection levels","Discount rate 4.5","H++","Migrationcost 3.0",49438.9277,386372.0415,53397.62485,406521.617,53574.1754,408500.108,-5.21507079595459,-0.486687771882984,-5.72713967969652,-8.00724719197338,-0.330633713570501,-8.36435556428947
"GLOBAL_000",2100,"SSP4","Table protection levels","Discount rate 4.5","RCP 2.6 hig","Migrationcost 3.0",24235.585675,124018.1826,23647.741555,129883.08985,20982.89928,133988.7895,-4.72907046938132,-3.1610732811651,-8.0396331336015,2.42554121812036,11.2689081483832,13.4211173545324
"GLOBAL_000",2100,"SSP4","Table protection levels","Discount rate 4.5","RCP 2.6 low","Migrationcost 3.0",20377.418515,62264.91155,19601.701795,65179.64515,15269.036065,67766.76175,-4.6811816277285,-3.96920939665473,-8.8361969254255,3.80674676445885,22.1035182317954,25.0688400311338
"GLOBAL_000",2100,"SSP4","Table protection levels","Discount rate 4.5","RCP 8.5 hig","Migrationcost 3.0",33800.03415,241514.124,35724.49565,252833.145,35866.3084,259519.3295,-4.68669111873556,-2.64450473849068,-7.45513562593962,-5.69366732429765,-0.396962217155904,-6.11323124950157
"GLOBAL_000",2100,"SSP4","Table protection levels","Discount rate 4.5","RCP 8.5 low","Migrationcost 3.0",25276.7042,127394.31695,25017.145325,133981.21405,22142.803565,138083.1316,-5.1704795454771,-3.06156171153159,-8.39033867907559,1.02686993108856,11.4894874001776,12.3983752399176
"GLOBAL_000",2100,"SSP4","Table protection levels","Discount rate 6.0","H++","Migrationcost 3.0",48647.78055,384968.05285,52645.7435,405329.556,55017.71715,414835.345,-5.28914100774324,-2.34520006234137,-7.75838200829552,-8.21818160006478,-4.50553737549551,-13.0939922191373
"GLOBAL_000",2100,"SSP4","Table protection levels","Discount rate 6.0","RCP 2.6 hig","Migrationcost 3.0",25233.53305,125641.3499,22439.8089,128886.44815,19612.36265,132777.97985,-2.58282663516654,-3.01934901291638,-5.68016019859717,11.0714743926832,12.6001351553399,22.2765888108562
"GLOBAL_000",2100,"SSP4","Table protection levels","Discount rate 6.0","RCP 2.6 low","Migrationcost 3.0",20873.022055,62766.6501,18248.863615,64517.61495,13618.07386,67004.30455,-2.78964202679347,-3.85428010928045,-6.75144275383274,12.5720100955453,25.3757705284927,34.7575361913735
"GLOBAL_000",2100,"SSP4","Table protection levels","Discount rate 6.0","RCP 8.5 hig","Migrationcost 3.0",35215.1889,245119.704,34206.78505,251611.874,34131.3219,257556.029,-2.64857124664283,-2.36243024047426,-5.07357213518829,2.86354803566027,0.220608718094061,3.07783951714085
"GLOBAL_000",2100,"SSP4","Table protection levels","Discount rate 6.0","RCP 8.5 low","Migrationcost 3.0",26576.5404,129431.09155,23907.178155,132897.7102,20417.12187,136631.75825,-2.67835077992897,-2.80971586672229,-5.56332069348141,10.0440546618325,14.5983614727449,23.176148728523
"GLOBAL_000",2100,"SSP5","Table protection levels","Discount rate 0.0","H++","Migrationcost 3.0",46666.55655,377407.772,57018.34835,401339.9795,62372.48905,417675.7705,-6.34120685251813,-4.07031241202322,-10.6696261941315,-22.1824633426912,-9.39020658250967,-33.655649058169
"GLOBAL_000",2100,"SSP5","Table protection levels","Discount rate 0.0","RCP 2.6 hig","Migrationcost 3.0",23139.137635,121031.84115,31850.5935,132737.538,32176.06925,136367.51225,-9.67158455062468,-2.73470060142294,-12.6707740329207,-37.6481440337826,-1.02188284183779,-39.054746799772
"GLOBAL_000",2100,"SSP5","Table protection levels","Discount rate 0.0","RCP 2.6 low","Migrationcost 3.0",17824.439115,59709.01625,26322.040505,66480.27775,26238.27803,69030.244,-11.340433866217,-3.83567327980968,-15.6110891376476,-47.6738781802616,0.318221814847859,-47.2039476850602
"GLOBAL_000",2100,"SSP5","Table protection levels","Discount rate 0.0","RCP 8.5 hig","Migrationcost 3.0",30977.642,235212.519,42757.90265,254423.8055,45470.0576,261892.7665,-8.1676292493598,-2.93563764024432,-11.3430388881639,-38.0282677745453,-6.34304954618722,-46.7834691872286
"GLOBAL_000",2100,"SSP5","Table protection levels","Discount rate 0.0","RCP 8.5 low","Migrationcost 3.0",22958.91923,123594.2855,32715.9265,136345.74835,32595.903625,140360.7399,-10.3171945194829,-2.94471342054134,-13.5657197516628,-42.4976767079293,0.366863750595608,-41.9749043866469
"GLOBAL_000",2100,"SSP5","Table protection levels","Discount rate 1.5","H++","Migrationcost 3.0",45843.874,383506.363,52838.20515,406247.2475,57728.26435,415984.2285,-5.92972808120005,-2.39681156239712,-8.46866405186607,-15.2568501300741,-9.25477916238416,-25.9236170791325
"GLOBAL_000",2100,"SSP5","Table protection levels","Discount rate 1.5","RCP 2.6 hig","Migrationcost 3.0",21390.16728,122051.5588,28040.956675,132604.1425,28257.611945,137833.958,-8.64600485544965,-3.94393071091277,-12.9309280071235,-31.0927413887901,-0.772638653206718,-32.1056145803082
"GLOBAL_000",2100,"SSP5","Table protection levels","Discount rate 1.5","RCP 2.6 low","Migrationcost 3.0",17284.375305,60574.818815,23613.903745,66972.15805,22344.29687,70143.41755,-10.5610538506734,-4.73519084995351,-15.7963307562227,-36.6199433205376,5.37652261443146,-29.2745411720855
"GLOBAL_000",2100,"SSP5","Table protection levels","Discount rate 1.5","RCP 8.5 hig","Migrationcost 3.0",30503.74775,237338.389,39718.72685,257551.8055,40208.397,260133.666,-8.5167075521019,-1.00246258999726,-9.60454694920846,-30.2093341956645,-1.23284452658633,-31.8146128454003
"GLOBAL_000",2100,"SSP5","Table protection levels","Discount rate 1.5","RCP 8.5 low","Migrationcost 3.0",21328.66732,124944.38545,29003.84513,136644.59265,28365.32998,138312.40555,-9.36433210492853,-1.22054804193526,-10.6991763190108,-35.985266659408,2.20148448296449,-32.9915721147832
"GLOBAL_000",2100,"SSP5","Table protection levels","Discount rate 3.0","H++","Migrationcost 3.0",44834.9324,383422.3225,50182.6635,406517.0475,52795.26125,411993.8335,-6.02331258373721,-1.34724632919608,-7.45170777061369,-11.9275993376986,-5.20617593364689,-17.7547470775266
"GLOBAL_000",2100,"SSP5","Table protection levels","Discount rate 3.0","RCP 2.6 hig","Migrationcost 3.0",23015.98484,123629.191,25375.6795,131105.3092,24041.300305,135785.927,-6.04721113155224,-3.57012071331129,-9.83322458204874,-10.2524166417551,5.2584964079484,-4.45479727297213
"GLOBAL_000",2100,"SSP5","Table protection levels","Discount rate 3.0","RCP 2.6 low","Migrationcost 3.0",18019.36199,61417.4198,21664.05289,66178.11825,18800.361265,69113.5161,-7.75138139228701,-4.43560186905132,-12.5308036792519,-20.2265257894405,13.2186329101969,-4.33422268465121
"GLOBAL_000",2100,"SSP5","Table protection levels","Discount rate 3.0","RCP 8.5 hig","Migrationcost 3.0",31016.9832,240260.1955,35815.0595,254743.906,37633.39885,262826.9675,-6.02834375867308,-3.17301466673752,-9.39263865703465,-15.4691907625626,-5.07702451255175,-21.3315898820231
"GLOBAL_000",2100,"SSP5","Table protection levels","Discount rate 3.0","RCP 8.5 low","Migrationcost 3.0",22588.70165,126702.7863,26478.948195,135064.2586,25347.762825,140472.78185,-6.59928052426736,-4.00440746209375,-10.8679500681194,-17.2220900752833,4.27201776169342,-12.2143415666389
"GLOBAL_000",2100,"SSP5","Table protection levels","Discount rate 4.5","H++","Migrationcost 3.0",44397.43795,384389.2153,48976.9327,405496.1085,51909.56565,417515.6315,-5.49102117329877,-2.96415249075073,-8.61793590492549,-10.3147725667355,-5.98778402061916,-16.9201828908688
"GLOBAL_000",2100,"SSP5","Table protection levels","Discount rate 4.5","RCP 2.6 hig","Migrationcost 3.0",21943.68084,123365.7991,23202.67968,129851.23665,19942.22175,134051.3675,-5.257079026208,-3.23457131280235,-8.66169430908342,-5.73740954938169,14.0520749110303,9.12089044948031
"GLOBAL_000",2100,"SSP5","Table protection levels","Discount rate 4.5","RCP 2.6 low","Migrationcost 3.0",18114.93534,61567.77355,19119.291245,65172.81065,14676.68276,67879.4788,-5.85539624406314,-4.15306340635778,-10.2516379691304,-5.54435269102098,23.2362613659218,18.980208957235
"GLOBAL_000",2100,"SSP5","Table protection levels","Discount rate 4.5","RCP 8.5 hig","Migrationcost 3.0",31082.99615,240151.1755,33829.8721,252639.4835,33268.09185,259653.04,-5.20018608028841,-2.7761125865348,-8.12066168712133,-8.83723028740266,1.66060412034488,-7.0298747567808
"GLOBAL_000",2100,"SSP5","Table protection levels","Discount rate 4.5","RCP 8.5 low","Migrationcost 3.0",22533.1953,126767.91985,24404.15745,134049.0523,20918.298165,138411.5213,-5.74367115798343,-3.25438257499712,-9.1849747663111,-8.30313732735454,14.2838747542993,7.16674716346154
"GLOBAL_000",2100,"SSP5","Table protection levels","Discount rate 6.0","H++","Migrationcost 3.0",43628.93585,384164.457,48200.72235,405268.5475,49593.4696,415456.212,-5.49350417912295,-2.51380586103836,-8.14540607019249,-10.4787944306462,-2.88947381304131,-13.6710502646834
"GLOBAL_000",2100,"SSP5","Table protection levels","Discount rate 6.0","RCP 2.6 hig","Migrationcost 3.0",22189.336295,123121.66985,21435.725905,128971.2463,18553.171095,132847.0653,-4.75105353681978,-3.0051806981724,-7.89901197884052,3.39627278608516,13.4474326774613,16.3869939670947
"GLOBAL_000",2100,"SSP5","Table protection levels","Discount rate 6.0","RCP 2.6 low","Migrationcost 3.0",18308.595175,61477.09955,17786.36791,64557.7087,13049.469735,67158.41955,-5.01098648529199,-4.02850550673277,-9.24135985852639,2.85236119979914,26.6321836980375,28.7248988233746
"GLOBAL_000",2100,"SSP5","Table protection levels","Discount rate 6.0","RCP 8.5 hig","Migrationcost 3.0",30622.75425,240149.509,32204.3117,251221.114,31318.1692,257838.7005,-4.61029674643224,-2.63416812171289,-7.36590783535602,-5.16464795128608,2.75162688852002,-2.27090922104108
"GLOBAL_000",2100,"SSP5","Table protection levels","Discount rate 6.0","RCP 8.5 low","Migrationcost 3.0",23214.9104,126697.9856,23086.8983,133160.58025,19310.038005,136992.07985,-5.10078721409443,-2.87735273667825,-8.12490759126956,0.551421899952713,16.359323136101,16.8205361455972
