"locationid","time","ssp","pfl","dr","slr","migrlevel","migration_submergence_cummulative_2p0","landloss_submergence_cummulative_2p0","migration_submergence_cummulative_3p0","landloss_submergence_cummulative_3p0","migration_submergence_cummulative_4p0","landloss_submergence_cummulative_4p0","landloss_change3_2","landloss_change3_4","migration_change3_2","migration_change3_4"
"GLOBAL_000",2100,"SSP1","Table protection levels","Discount rate 0.0","H++","Migrationlevel   1.0",55276.0937,392631.598,48582.37365,383305.7055,42618.3002,378660.484,2.43301687561236,-1.21188425670329,13.778083586906,-12.2762084309975
"GLOBAL_000",2100,"SSP1","Table protection levels","Discount rate 0.0","H++","Migrationlevel  10.0",68348.38055,423400.8355,59940.64085,404784.0815,51523.67485,395908.4675,4.59918135392387,-2.19267861698261,14.0267764587972,-14.042168853455
"GLOBAL_000",2100,"SSP1","Table protection levels","Discount rate 0.0","RCP 2.6 hig","Migrationlevel   1.0",29494.3136,126301.7321,24676.6911,123382.09725,22183.7697,122098.9547,2.36633589076067,-1.03997466293677,19.5229679719904,-10.1023325611107
"GLOBAL_000",2100,"SSP1","Table protection levels","Discount rate 0.0","RCP 2.6 hig","Migrationlevel  10.0",39468.37835,137930.6918,33411.88675,135043.9103,28689.938895,132135.8403,2.13766136776329,-2.15342549955766,18.1267572385747,-14.1325387887591
"GLOBAL_000",2100,"SSP1","Table protection levels","Discount rate 0.0","RCP 2.6 low","Migrationlevel   1.0",22510.28118,62017.4063,19135.39858,61024.12255,17748.027575,60601.473015,1.62769034357873,-0.692594202651091,17.6368555161813,-7.25028537660071
"GLOBAL_000",2100,"SSP1","Table protection levels","Discount rate 0.0","RCP 2.6 low","Migrationlevel  10.0",33979.084095,70173.14685,27881.563825,68071.7149,24614.286315,67190.8719,3.08708536737628,-1.29399266831165,21.8693625231044,-11.7184155469443
"GLOBAL_000",2100,"SSP1","Table protection levels","Discount rate 0.0","RCP 8.5 hig","Migrationlevel   1.0",40660.57515,245766.1385,34485.94255,240096.4385,30696.07185,237057.3375,2.36142611503169,-1.26578345725857,17.9047813208168,-10.9896103158706
"GLOBAL_000",2100,"SSP1","Table protection levels","Discount rate 0.0","RCP 8.5 hig","Migrationlevel  10.0",51449.5447,266001.95,44512.8757,258176.313,37162.8355,250262.6845,3.03112121676322,-3.06520315827734,15.5835112670557,-16.5121666134008
"GLOBAL_000",2100,"SSP1","Table protection levels","Discount rate 0.0","RCP 8.5 low","Migrationlevel   1.0",28006.292195,127990.21585,24710.981375,126095.45175,22053.75902,124925.1126,1.50264269940252,-0.928137481374303,13.3354105609656,-10.7532044748668
"GLOBAL_000",2100,"SSP1","Table protection levels","Discount rate 0.0","RCP 8.5 low","Migrationlevel  10.0",40328.0767,141915.2108,34197.383,138665.1415,28404.037075,133179.7575,2.34382575522775,-3.9558492788182,17.9273767820187,-16.9409042937584
"GLOBAL_000",2100,"SSP1","Table protection levels","Discount rate 1.5","H++","Migrationlevel   1.0",53844.1685,392191.813,47382.8911,386345.958,40673.93675,378040.92725,1.5131140572202,-2.14963572881484,13.6363089081325,-14.1590227912454
"GLOBAL_000",2100,"SSP1","Table protection levels","Discount rate 1.5","H++","Migrationlevel  10.0",65181.05355,422060.918,55662.2228,409383.624,46809.9158,396836.1025,3.09667833708952,-3.06497885220734,17.1010611347702,-15.9036174890235
"GLOBAL_000",2100,"SSP1","Table protection levels","Discount rate 1.5","RCP 2.6 hig","Migrationlevel   1.0",27790.83523,126182.67465,23566.195085,124290.40275,20286.69202,121765.7115,1.52246018850398,-2.03128414916975,17.9266959717609,-13.9161330591183
"GLOBAL_000",2100,"SSP1","Table protection levels","Discount rate 1.5","RCP 2.6 hig","Migrationlevel  10.0",33290.38357,135915.36515,28405.153685,133046.2271,24110.92495,129882.24595,2.15649711573069,-2.37810663178136,17.1983927254009,-15.1177803247291
"GLOBAL_000",2100,"SSP1","Table protection levels","Discount rate 1.5","RCP 2.6 low","Migrationlevel   1.0",21026.168425,62764.675425,17808.361265,61250.93625,16503.347,60421.9834,2.47137312125576,-1.35337172090982,18.0690806532782,-7.32809855764119
"GLOBAL_000",2100,"SSP1","Table protection levels","Discount rate 1.5","RCP 2.6 low","Migrationlevel  10.0",28234.477435,68725.62395,24053.79586,67075.51455,20304.25315,65307.0541,2.46007714002693,-2.63652163067902,17.3805481651743,-15.5881538690335
"GLOBAL_000",2100,"SSP1","Table protection levels","Discount rate 1.5","RCP 8.5 hig","Migrationlevel   1.0",38030.7337,245581.423,33541.24475,241471.7,28262.40545,236618.311,1.701948095781,-2.00992041717519,13.3849801444832,-15.7383524056602
"GLOBAL_000",2100,"SSP1","Table protection levels","Discount rate 1.5","RCP 8.5 hig","Migrationlevel  10.0",46940.90495,263985.35,39948.9024,257860.1275,33632.5809,252563.478,2.37540505365645,-2.05407852363681,17.502364595629,-15.8110013555717
"GLOBAL_000",2100,"SSP1","Table protection levels","Discount rate 1.5","RCP 8.5 low","Migrationlevel   1.0",27284.08305,129424.36095,22468.8699,126605.3472,20721.851025,125033.95705,2.22661507775558,-1.24117202373582,21.4305978512965,-7.77528590790408
"GLOBAL_000",2100,"SSP1","Table protection levels","Discount rate 1.5","RCP 8.5 low","Migrationlevel  10.0",34477.02318,140278.7763,29319.56953,136902.5605,25064.9506,133902.04965,2.46614510909751,-2.19171273279435,17.5904821683103,-14.5111916655074
"GLOBAL_000",2100,"SSP1","Table protection levels","Discount rate 3.0","H++","Migrationlevel   1.0",51454.11315,392916.85,45652.9425,387526.5575,39568.4144,378629.08225,1.39094789651932,-2.29596529006919,12.707112252403,-13.3277895504764
"GLOBAL_000",2100,"SSP1","Table protection levels","Discount rate 3.0","H++","Migrationlevel  10.0",61353.88525,419541.796,52799.6112,409728.2695,45862.48495,402427.403,2.39513043900428,-1.78188010041616,16.2013959110366,-13.1385934334304
"GLOBAL_000",2100,"SSP1","Table protection levels","Discount rate 3.0","RCP 2.6 hig","Migrationlevel   1.0",26789.31287,126202.1636,23382.74376,123952.76275,19509.6142,121729.9295,1.81472425470404,-1.79329060577958,14.5687313044395,-16.5640508220666
"GLOBAL_000",2100,"SSP1","Table protection levels","Discount rate 3.0","RCP 2.6 hig","Migrationlevel  10.0",31088.97105,134698.1276,26089.56903,131407.0242,21101.36798,128762.7793,2.50451101836913,-2.01225536922251,19.1624553638708,-19.1195226117539
"GLOBAL_000",2100,"SSP1","Table protection levels","Discount rate 3.0","RCP 2.6 low","Migrationlevel   1.0",21102.145655,62727.07623,18508.28082,61673.3669,15595.70393,60489.6066,1.70853219625342,-1.91940274951975,14.0146178903719,-15.7366149688667
"GLOBAL_000",2100,"SSP1","Table protection levels","Discount rate 3.0","RCP 2.6 low","Migrationlevel  10.0",25611.801285,67742.6617,21622.77953,66191.76025,17958.72767,64692.10925,2.34304306781144,-2.26561583244797,18.4482376535613,-16.9453323746672
"GLOBAL_000",2100,"SSP1","Table protection levels","Discount rate 3.0","RCP 8.5 hig","Migrationlevel   1.0",36188.9496,245035.9745,31627.1527,241638.568,29174.60215,239090.296,1.40598685388667,-1.05457999569009,14.4236724161388,-7.75457270296735
"GLOBAL_000",2100,"SSP1","Table protection levels","Discount rate 3.0","RCP 8.5 hig","Migrationlevel  10.0",43768.65145,261956.232,36026.5694,254920.5545,30764.0894,250428.074,2.75994908052814,-1.76230610701892,21.4899230732749,-14.607219304095
"GLOBAL_000",2100,"SSP1","Table protection levels","Discount rate 3.0","RCP 8.5 low","Migrationlevel   1.0",26738.05948,129430.55215,23102.796445,127260.97225,19774.64923,124738.53615,1.70482738080763,-1.98209714683364,15.7351645444929,-14.4058197583275
"GLOBAL_000",2100,"SSP1","Table protection levels","Discount rate 3.0","RCP 8.5 low","Migrationlevel  10.0",32043.9742,138949.3365,27201.04345,135370.19005,22368.93587,132736.5465,2.64396943572142,-1.94551219070259,17.8042094557957,-17.7644199160308
"GLOBAL_000",2100,"SSP1","Table protection levels","Discount rate 4.5","H++","Migrationlevel   1.0",49410.4817,391224.2485,44743.00295,385079.1928,40430.91805,380825.0673,1.59579011665571,-1.10474042211091,10.4317512063638,-9.63745080950138
"GLOBAL_000",2100,"SSP1","Table protection levels","Discount rate 4.5","H++","Migrationlevel  10.0",60407.23915,417881.0765,49033.17805,405567.364,44327.39265,400074.99,3.0361694734392,-1.35424456885047,23.1966630602684,-9.59714541692857
"GLOBAL_000",2100,"SSP1","Table protection levels","Discount rate 4.5","RCP 2.6 hig","Migrationlevel   1.0",26046.31774,125530.0491,22896.895255,123784.21655,20278.25346,122500.6366,1.41038381035826,-1.03694960938863,13.7548014694798,-11.4366675736448
"GLOBAL_000",2100,"SSP1","Table protection levels","Discount rate 4.5","RCP 2.6 hig","Migrationlevel  10.0",28612.71662,133191.4344,22933.009,129793.27695,20474.383975,128143.96045,2.61813056103751,-1.27072567913927,24.7665172067041,-10.7209002752321
"GLOBAL_000",2100,"SSP1","Table protection levels","Discount rate 4.5","RCP 2.6 low","Migrationlevel   1.0",21578.20954,62695.95655,18330.575205,61646.6566,16305.819035,60952.4036,1.70211980320114,-1.12618110744388,17.7170345102654,-11.0457863288857
"GLOBAL_000",2100,"SSP1","Table protection levels","Discount rate 4.5","RCP 2.6 low","Migrationlevel  10.0",24426.18878,69489.1354,19136.31702,65147.48575,16372.5834,63954.70635,6.66433953669501,-1.83089091815028,27.6431026642764,-14.4423486353802
"GLOBAL_000",2100,"SSP1","Table protection levels","Discount rate 4.5","RCP 8.5 hig","Migrationlevel   1.0",35234.7467,244485.459,31300.5711,240585.9115,28532.72085,238335.9165,1.62085446969326,-0.935214778775604,12.5690217837591,-8.84281069874792
"GLOBAL_000",2100,"SSP1","Table protection levels","Discount rate 4.5","RCP 8.5 hig","Migrationlevel  10.0",41078.36265,259141.5535,33927.85655,252548.7385,30392.59505,249220.274,2.6105119507457,-1.31794936683083,21.0756199392148,-10.4199376544464
"GLOBAL_000",2100,"SSP1","Table protection levels","Discount rate 4.5","RCP 8.5 low","Migrationlevel   1.0",26481.85688,128983.1029,22763.13825,126908.3425,20866.04393,125916.0486,1.63484949777829,-0.781898085226355,16.3365814904718,-8.33406316459902
"GLOBAL_000",2100,"SSP1","Table protection levels","Discount rate 4.5","RCP 8.5 low","Migrationlevel  10.0",29530.712775,137068.96655,24362.17585,134007.9265,21336.07885,131860.10365,2.28422312765209,-1.60275806521042,21.2154158841276,-12.4212920004844
"GLOBAL_000",2100,"SSP1","Table protection levels","Discount rate 6.0","H++","Migrationlevel   1.0",50072.1041,393772.4645,43655.1276,384219.59125,40403.4877,379459.80975,2.48630560948784,-1.23881801146963,14.699250357935,-7.44847187206481
"GLOBAL_000",2100,"SSP1","Table protection levels","Discount rate 6.0","H++","Migrationlevel  10.0",59057.27945,415983.5905,48317.90545,404825.4615,43987.0766,397993.279,2.75628142524825,-1.68768596586902,22.226489124437,-8.96319658243794
"GLOBAL_000",2100,"SSP1","Table protection levels","Discount rate 6.0","RCP 2.6 hig","Migrationlevel   1.0",26547.471695,126225.45535,22795.437265,123675.483,20495.28736,122004.7627,2.06182526087245,-1.35089045902492,16.4595852511277,-10.090396065934
"GLOBAL_000",2100,"SSP1","Table protection levels","Discount rate 6.0","RCP 2.6 hig","Migrationlevel  10.0",28237.928005,135388.667,21740.26548,128953.54535,19168.253565,127099.57115,4.99026345691703,-1.43770704013451,29.8876871166893,-11.8306371068289
"GLOBAL_000",2100,"SSP1","Table protection levels","Discount rate 6.0","RCP 2.6 low","Migrationlevel   1.0",21991.098955,63446.5661,18741.991425,62058.1595,16924.517635,61000.92385,2.23726680131401,-1.70362069793578,17.3359781056457,-9.69733551139964
"GLOBAL_000",2100,"SSP1","Table protection levels","Discount rate 6.0","RCP 2.6 low","Migrationlevel  10.0",23613.80348,69551.6767,17739.81065,64450.11695,15676.8521,63658.4246,7.91551666843018,-1.22838000529028,33.1119251828091,-11.6289772799802
"GLOBAL_000",2100,"SSP1","Table protection levels","Discount rate 6.0","RCP 8.5 hig","Migrationlevel   1.0",35554.1842,245773.1945,30755.2522,240246.439,28193.98065,237578.6065,2.3004526198201,-1.11045662574837,15.6036177781693,-8.32791593885872
"GLOBAL_000",2100,"SSP1","Table protection levels","Discount rate 6.0","RCP 8.5 hig","Migrationlevel  10.0",41130.2845,263621.9215,32341.3258,251581.4195,28700.9611,247386.332,4.78592656958914,-1.66748701407975,27.1756289595277,-11.2560775105886
"GLOBAL_000",2100,"SSP1","Table protection levels","Discount rate 6.0","RCP 8.5 low","Migrationlevel   1.0",26960.8017,129046.1971,23672.51295,127229.76295,21354.277475,125355.571,1.42768021246243,-1.47307666582429,13.8907464405886,-9.79294205011725
"GLOBAL_000",2100,"SSP1","Table protection levels","Discount rate 6.0","RCP 8.5 low","Migrationlevel  10.0",29575.62377,139964.8756,22978.22245,133039.26735,20571.680375,131034.84615,5.20568730417019,-1.50663878411685,28.711539086001,-10.4731429084063
"GLOBAL_000",2100,"SSP2","Table protection levels","Discount rate 0.0","H++","Migrationlevel   1.0",61251.6062,393293.7605,53754.80125,384583.0435,47366.81655,379040.2645,2.26497687488397,-1.44124372971739,13.9462983318165,-11.8835611916619
"GLOBAL_000",2100,"SSP2","Table protection levels","Discount rate 0.0","H++","Migrationlevel  10.0",74982.4658,423271.107,66117.15595,409438.1075,56037.6663,395833.445,3.37853249285059,-3.32276411276642,13.4084863793964,-15.2448929558048
"GLOBAL_000",2100,"SSP2","Table protection levels","Discount rate 0.0","RCP 2.6 hig","Migrationlevel   1.0",31753.05442,126517.80335,26035.039875,123459.08815,23698.765205,122429.60765,2.47751319553222,-0.833863683448881,21.9627646911757,-8.9735782284835
"GLOBAL_000",2100,"SSP2","Table protection levels","Discount rate 0.0","RCP 2.6 hig","Migrationlevel  10.0",41112.6942,137968.216,34772.04152,134759.671,30305.723775,132473.8673,2.38093858213707,-1.69620753971712,18.2349163374633,-12.8445657768788
"GLOBAL_000",2100,"SSP2","Table protection levels","Discount rate 0.0","RCP 2.6 low","Migrationlevel   1.0",23987.686335,62214.05905,20559.936325,61224.5385,18980.42579,60712.838425,1.61621561263382,-0.835776124306761,16.6719874800001,-7.68246802923889
"GLOBAL_000",2100,"SSP2","Table protection levels","Discount rate 0.0","RCP 2.6 low","Migrationlevel  10.0",35445.05172,70211.53805,29137.90314,68136.98,25678.498915,67008.93505,3.04468740763093,-1.65555466356154,21.6458560854424,-11.8725229072884
"GLOBAL_000",2100,"SSP2","Table protection levels","Discount rate 0.0","RCP 8.5 hig","Migrationlevel   1.0",44473.5675,246013.7755,37317.95775,240055.2035,33189.05415,237296.214,2.48216739863337,-1.14931459921467,19.1747088571587,-11.0641199276238
"GLOBAL_000",2100,"SSP2","Table protection levels","Discount rate 0.0","RCP 8.5 hig","Migrationlevel  10.0",54549.2097,265346.816,47946.6271,256107.691,40178.92945,250247.9025,3.60751563684981,-2.28801738718577,13.770692537411,-16.2007175891628
"GLOBAL_000",2100,"SSP2","Table protection levels","Discount rate 0.0","RCP 8.5 low","Migrationlevel   1.0",30658.00555,128557.69885,26410.57085,126970.76145,23951.105975,125391.9391,1.24984475313627,-1.24345347855674,16.0823282621322,-9.31242603186671
"GLOBAL_000",2100,"SSP2","Table protection levels","Discount rate 0.0","RCP 8.5 low","Migrationlevel  10.0",42621.51605,142076.15325,36186.968005,138719.85935,30501.05713,133549.55975,2.41947614114272,-3.72715170288271,17.7813958995153,-15.7125926499683
"GLOBAL_000",2100,"SSP2","Table protection levels","Discount rate 1.5","H++","Migrationlevel   1.0",60989.0991,394990.987,53425.5123,389166.4515,44949.13605,378175.61125,1.49666947845837,-2.82420034091762,14.1572564761349,-15.8657837521569
"GLOBAL_000",2100,"SSP2","Table protection levels","Discount rate 1.5","H++","Migrationlevel  10.0",71640.7636,421989.6275,60917.0503,409074.896,51290.3891,396528.081,3.15705794373654,-3.06711927881294,17.6037960590485,-15.8029010803893
"GLOBAL_000",2100,"SSP2","Table protection levels","Discount rate 1.5","RCP 2.6 hig","Migrationlevel   1.0",29535.487025,126370.0849,25245.384025,124523.19475,21898.293495,121868.866,1.48316958435569,-2.13159384107434,16.9936135483287,-13.2582278276513
"GLOBAL_000",2100,"SSP2","Table protection levels","Discount rate 1.5","RCP 2.6 hig","Migrationlevel  10.0",35301.69915,135905.4376,29609.1921,132887.40465,25120.884,129772.7283,2.27112039545728,-2.34384617428828,19.2254723829496,-15.1584956618928
"GLOBAL_000",2100,"SSP2","Table protection levels","Discount rate 1.5","RCP 2.6 low","Migrationlevel   1.0",23061.40102,63148.85595,19126.736095,61425.14885,17696.493985,60574.39014,2.80619116480985,-1.3850332085927,20.5715439657714,-7.47771131936036
"GLOBAL_000",2100,"SSP2","Table protection levels","Discount rate 1.5","RCP 2.6 low","Migrationlevel  10.0",30152.960475,68793.98585,24987.30193,66999.33975,21130.535975,65377.4093,2.67860266488671,-2.42081557229077,20.6731345363785,-15.4349035594336
"GLOBAL_000",2100,"SSP2","Table protection levels","Discount rate 1.5","RCP 8.5 hig","Migrationlevel   1.0",41384.68425,245748.1325,36261.4236,242480.9115,31074.2771,237563.758,1.34741369115978,-2.02785178824272,14.1286804029393,-14.304861709842
"GLOBAL_000",2100,"SSP2","Table protection levels","Discount rate 1.5","RCP 8.5 hig","Migrationlevel  10.0",50266.0038,262946.881,43406.62985,257774.3815,35502.9951,250075.128,2.00659951927768,-2.98681872698044,15.8025950729276,-18.208358440433
"GLOBAL_000",2100,"SSP2","Table protection levels","Discount rate 1.5","RCP 8.5 low","Migrationlevel   1.0",30050.9443,129850.172,24601.17055,126596.04285,22509.78395,125139.0137,2.57048251804816,-1.15092787831164,22.1524977395842,-8.50116703085089
"GLOBAL_000",2100,"SSP2","Table protection levels","Discount rate 1.5","RCP 8.5 low","Migrationlevel  10.0",36894.1302,140213.9176,30978.65845,136578.81895,26416.810325,133716.25985,2.66153908632844,-2.09590266046153,19.0953128572293,-14.725776883989
"GLOBAL_000",2100,"SSP2","Table protection levels","Discount rate 3.0","H++","Migrationlevel   1.0",57753.2067,393703.354,51485.7476,387299.8175,45125.6477,379624.075,1.65337968433202,-1.98186060338125,12.173192372951,-12.3531272176768
"GLOBAL_000",2100,"SSP2","Table protection levels","Discount rate 3.0","H++","Migrationlevel  10.0",67925.0991,418487.655,56755.5271,407707.619,49738.87465,398262.12,2.64406047315001,-2.31673350210314,19.680148473152,-12.3629412121168
"GLOBAL_000",2100,"SSP2","Table protection levels","Discount rate 3.0","RCP 2.6 hig","Migrationlevel   1.0",28445.65587,126286.75515,24868.793695,124048.97215,22491.250205,122953.96645,1.80395126313023,-0.882720494189918,14.3829339648233,-9.56034908310819
"GLOBAL_000",2100,"SSP2","Table protection levels","Discount rate 3.0","RCP 2.6 hig","Migrationlevel  10.0",33292.0397,134922.4819,28150.1428,131619.11315,22427.339725,128734.69895,2.50979411040046,-2.19148581917032,18.2659709278633,-20.3295703174905
"GLOBAL_000",2100,"SSP2","Table protection levels","Discount rate 3.0","RCP 2.6 low","Migrationlevel   1.0",22871.83894,62963.51103,19778.5865,61799.965925,17969.830105,61248.084725,1.88276010768691,-0.893012142870362,15.6394009248335,-9.14502355868555
"GLOBAL_000",2100,"SSP2","Table protection levels","Discount rate 3.0","RCP 2.6 low","Migrationlevel  10.0",27146.184445,67814.08785,22804.86221,66171.4779,18957.30451,64734.65505,2.48235342798653,-2.17136279194392,19.0368273003479,-16.8716551083252
"GLOBAL_000",2100,"SSP2","Table protection levels","Discount rate 3.0","RCP 8.5 hig","Migrationlevel   1.0",40004.506,245419.132,35567.3757,241970.7805,32059.9609,238968.534,1.4251107067037,-1.24074753728373,12.4752816666201,-9.86132581043925
"GLOBAL_000",2100,"SSP2","Table protection levels","Discount rate 3.0","RCP 8.5 hig","Migrationlevel  10.0",48945.54445,262547.885,39367.8826,254689.897,33697.3609,250161.112,3.08531594403998,-1.77815651635369,24.3286181970071,-14.4039285973689
"GLOBAL_000",2100,"SSP2","Table protection levels","Discount rate 3.0","RCP 8.5 low","Migrationlevel   1.0",28769.2056,129758.2659,25903.23433,127471.8972,23130.4093,126049.466,1.79362569336576,-1.11587826904957,11.0641444751197,-10.7045513879656
"GLOBAL_000",2100,"SSP2","Table protection levels","Discount rate 3.0","RCP 8.5 low","Migrationlevel  10.0",34636.46395,139019.46175,29491.767925,135470.28,24324.60537,132827.53255,2.61989696190189,-1.95079500094042,17.4445154935553,-17.5206944803734
"GLOBAL_000",2100,"SSP2","Table protection levels","Discount rate 4.5","H++","Migrationlevel   1.0",55249.5589,391541.377,50913.51095,386187.7905,45435.75715,380740.8203,1.3862650844214,-1.41044598871128,8.51649762330916,-10.7589394205783
"GLOBAL_000",2100,"SSP2","Table protection levels","Discount rate 4.5","H++","Migrationlevel  10.0",67033.3887,416900.151,56184.46035,405957.528,50075.92425,399634.361,2.69550931938871,-1.55759323669939,19.3094821636033,-10.8722875719496
"GLOBAL_000",2100,"SSP2","Table protection levels","Discount rate 4.5","RCP 2.6 hig","Migrationlevel   1.0",28114.33583,126063.2146,24381.49207,123852.38075,21668.68118,122540.12305,1.78505559328944,-1.05953369006998,15.3101530836706,-11.1265171229531
"GLOBAL_000",2100,"SSP2","Table protection levels","Discount rate 4.5","RCP 2.6 hig","Migrationlevel  10.0",30345.91765,133047.11,24457.608275,129850.7406,21671.900185,127800.26675,2.46157194424194,-1.57910062008534,24.0755731664036,-11.3899448330256
"GLOBAL_000",2100,"SSP2","Table protection levels","Discount rate 4.5","RCP 2.6 low","Migrationlevel   1.0",22931.506005,62801.9481,20366.826005,61815.4765,18015.220545,61094.32895,1.59583271998236,-1.16661326714839,12.5924383081113,-11.5462539888281
"GLOBAL_000",2100,"SSP2","Table protection levels","Discount rate 4.5","RCP 2.6 low","Migrationlevel  10.0",24632.173835,66864.55575,20036.341075,65124.081,17365.293725,63996.7811,2.67255172476062,-1.73100315995246,22.9374851565807,-13.3310135817799
"GLOBAL_000",2100,"SSP2","Table protection levels","Discount rate 4.5","RCP 8.5 hig","Migrationlevel   1.0",38831.01775,244562.6545,34263.1958,240637.255,31369.93955,238322.9,1.63125177770167,-0.961760887772764,13.3315700516179,-8.44421012823329
"GLOBAL_000",2100,"SSP2","Table protection levels","Discount rate 4.5","RCP 8.5 hig","Migrationlevel  10.0",45563.0707,259195.603,36760.3477,252223.201,33607.3205,248956.611,2.76437773065928,-1.2951187626867,23.9462452092095,-8.57725075326205
"GLOBAL_000",2100,"SSP2","Table protection levels","Discount rate 4.5","RCP 8.5 low","Migrationlevel   1.0",28962.65148,129112.8798,25464.09138,127172.9534,23256.7114,125983.5352,1.52542372268284,-0.935276069479094,13.7391907992752,-8.66859903642084
"GLOBAL_000",2100,"SSP2","Table protection levels","Discount rate 4.5","RCP 8.5 low","Migrationlevel  10.0",31690.49537,137092.99875,26239.90755,133931.1656,23112.3966,131788.2838,2.36078969061103,-1.59998741920902,20.7721304261989,-11.9189099429582
"GLOBAL_000",2100,"SSP2","Table protection levels","Discount rate 6.0","H++","Migrationlevel   1.0",56121.22235,393811.7015,49430.5874,384428.73725,46327.6684,380426.994,2.44075516235357,-1.04095840457359,13.535414612532,-6.27732576772898
"GLOBAL_000",2100,"SSP2","Table protection levels","Discount rate 6.0","H++","Migrationlevel  10.0",65480.3048,415028.365,55857.1072,405387.648,50062.26475,397657.506,2.37814769334067,-1.90685188316344,17.2282419953177,-10.3744048707198
"GLOBAL_000",2100,"SSP2","Table protection levels","Discount rate 6.0","RCP 2.6 hig","Migrationlevel   1.0",28697.955175,127189.9164,24597.890425,124509.57755,22449.446675,123156.5082,2.15271700598586,-1.08671909151458,16.6683592745535,-8.73426018605416
"GLOBAL_000",2100,"SSP2","Table protection levels","Discount rate 6.0","RCP 2.6 hig","Migrationlevel  10.0",30020.2778,135376.96445,22840.34145,128776.90825,20487.72067,127096.5158,5.12518609872745,-1.30488646826167,31.4353284328856,-10.3002872577459
"GLOBAL_000",2100,"SSP2","Table protection levels","Discount rate 6.0","RCP 2.6 low","Migrationlevel   1.0",23535.62692,63553.45955,21005.861255,62613.6177,18794.20401,61363.1749,1.50101828407848,-1.99707802540853,12.0431418368901,-10.5287625113374
"GLOBAL_000",2100,"SSP2","Table protection levels","Discount rate 6.0","RCP 2.6 low","Migrationlevel  10.0",24515.072085,68897.1054,18427.70986,64377.67,16462.00906,63500.04155,7.02019100722347,-1.36324978831945,33.0337425065146,-10.667092193951
"GLOBAL_000",2100,"SSP2","Table protection levels","Discount rate 6.0","RCP 8.5 hig","Migrationlevel   1.0",39177.1477,247658.994,34036.4124,242088.6195,31336.43775,237674.4915,2.30096503978784,-1.82335212994182,15.1036344241733,-7.93260646354138
"GLOBAL_000",2100,"SSP2","Table protection levels","Discount rate 6.0","RCP 8.5 hig","Migrationlevel  10.0",43987.9753,257760.9585,35987.37275,251518.532,32383.4528,247321.208,2.48189525056547,-1.66879313688106,22.231693893242,-10.0144013708253
"GLOBAL_000",2100,"SSP2","Table protection levels","Discount rate 6.0","RCP 8.5 low","Migrationlevel   1.0",30065.8439,130944.1095,26734.12015,129076.68555,23886.24345,126671.2827,1.44675542453144,-1.86354556576232,12.4624402497869,-10.652591834035
"GLOBAL_000",2100,"SSP2","Table protection levels","Discount rate 6.0","RCP 8.5 low","Migrationlevel  10.0",33238.572655,140331.09975,24790.47045,132875.19345,22339.83088,130884.3712,5.61121011861827,-1.49826479895145,34.0780229323966,-9.88540969782201
"GLOBAL_000",2100,"SSP3","Table protection levels","Discount rate 0.0","H++","Migrationlevel   1.0",73468.53945,397822.5415,63661.56845,389015.478,55016.7146,382972.884,2.26393652645358,-1.5533042620993,15.4048529415395,-13.57939186935
"GLOBAL_000",2100,"SSP3","Table protection levels","Discount rate 0.0","H++","Migrationlevel  10.0",83151.3039,419659.267,71594.1311,406380.7575,63040.6212,394951.0225,3.26750449053927,-2.81256796466304,16.1426259700776,-11.9472221655331
"GLOBAL_000",2100,"SSP3","Table protection levels","Discount rate 0.0","RCP 2.6 hig","Migrationlevel   1.0",36539.33385,127640.1537,31213.05485,125968.6465,26380.15593,123246.68935,1.32692320386247,-2.16082114528396,17.0642669408566,-15.48358192822
"GLOBAL_000",2100,"SSP3","Table protection levels","Discount rate 0.0","RCP 2.6 hig","Migrationlevel  10.0",44020.1509,138053.5625,36958.0283,134654.3467,32114.76812,131995.52985,2.52440109309892,-1.9745495894935,19.108493945279,-13.1047580262825
"GLOBAL_000",2100,"SSP3","Table protection levels","Discount rate 0.0","RCP 2.6 low","Migrationlevel   1.0",29119.957205,63756.43715,23585.335825,62157.19297,21407.303315,61471.95623,2.5729028348688,-1.10242549133569,23.466366648608,-9.23468941108451
"GLOBAL_000",2100,"SSP3","Table protection levels","Discount rate 0.0","RCP 2.6 low","Migrationlevel  10.0",37462.50973,70304.4252,30750.309595,68245.81725,27042.51856,67006.9034,3.01646025053646,-1.81536964450374,21.8280733540693,-12.0577356255395
"GLOBAL_000",2100,"SSP3","Table protection levels","Discount rate 0.0","RCP 8.5 hig","Migrationlevel   1.0",51187.61065,247897.606,43473.5491,242774.122,38136.84175,239706.8355,2.11039132086739,-1.26343222857995,17.7442645233674,-12.2757572374048
"GLOBAL_000",2100,"SSP3","Table protection levels","Discount rate 0.0","RCP 8.5 hig","Migrationlevel  10.0",61331.6311,265453.9525,51821.91725,254946.457,44440.33265,250239.054,4.12145186234144,-1.84642809136979,18.350756503514,-14.2441364420958
"GLOBAL_000",2100,"SSP3","Table protection levels","Discount rate 0.0","RCP 8.5 low","Migrationlevel   1.0",37785.71525,131174.2602,30852.25117,128306.5449,27655.0362,126864.1087,2.23504989728704,-1.12421092869752,22.4731221128588,-10.3629876224685
"GLOBAL_000",2100,"SSP3","Table protection levels","Discount rate 0.0","RCP 8.5 low","Migrationlevel  10.0",46574.46905,142429.407,38700.08495,138421.01535,32796.87905,133479.3563,2.89579702898777,-3.57002080753772,20.3472010724876,-15.2537285321902
"GLOBAL_000",2100,"SSP3","Table protection levels","Discount rate 1.5","H++","Migrationlevel   1.0",71844.5461,396536.1785,62467.01605,390634.103,53901.70215,381974.4475,1.51089611856033,-2.21682014793265,15.0119705453739,-13.7117385167624
"GLOBAL_000",2100,"SSP3","Table protection levels","Discount rate 1.5","H++","Migrationlevel  10.0",83395.84135,421204.303,68060.9059,407920.195,59686.54455,396815.5815,3.25654580548531,-2.72225146881979,22.5311950336529,-12.3042167001189
"GLOBAL_000",2100,"SSP3","Table protection levels","Discount rate 1.5","RCP 2.6 hig","Migrationlevel   1.0",33997.44735,127479.493,28975.03922,125162.81975,24088.613725,122577.32395,1.85092765936987,-2.06570593820454,17.3335680130272,-16.8642584325724
"GLOBAL_000",2100,"SSP3","Table protection levels","Discount rate 1.5","RCP 2.6 hig","Migrationlevel  10.0",38290.2666,135817.0688,32141.78055,132703.5289,26560.48488,129616.7498,2.34623745563409,-2.32607160155181,19.1292639822345,-17.3646125836672
"GLOBAL_000",2100,"SSP3","Table protection levels","Discount rate 1.5","RCP 2.6 low","Migrationlevel   1.0",26269.27512,63581.48965,22837.04715,62460.897725,19827.519835,61063.2754,1.79406951519284,-2.23759564128167,15.0292108583749,-13.1782681676514
"GLOBAL_000",2100,"SSP3","Table protection levels","Discount rate 1.5","RCP 2.6 low","Migrationlevel  10.0",32204.747525,68795.5209,26946.073065,67004.9897,23232.333205,65786.0831,2.6722356171036,-1.81912810591776,19.5155503635535,-13.782119016161
"GLOBAL_000",2100,"SSP3","Table protection levels","Discount rate 1.5","RCP 8.5 hig","Migrationlevel   1.0",47993.00955,247241.744,41983.6339,243705.2105,35817.317,238611.9135,1.45115219028114,-2.08994177414192,14.3136148345653,-14.6874301416772
"GLOBAL_000",2100,"SSP3","Table protection levels","Discount rate 1.5","RCP 8.5 hig","Migrationlevel  10.0",55854.4279,262423.5955,47854.2403,257726.3405,39207.98705,248666.389,1.82257467005007,-3.51533781235682,16.7178238539501,-18.0678936616616
"GLOBAL_000",2100,"SSP3","Table protection levels","Discount rate 1.5","RCP 8.5 low","Migrationlevel   1.0",35017.55165,130868.7156,29540.0744,128288.58635,25533.694475,125857.28735,2.01119158251602,-1.89517950830549,18.5425303126522,-13.5625248289828
"GLOBAL_000",2100,"SSP3","Table protection levels","Discount rate 1.5","RCP 8.5 low","Migrationlevel  10.0",41009.32665,140017.38205,34053.092755,136710.9722,28350.66385,133451.28045,2.4185402216019,-2.38436732439534,20.4276126842506,-16.7457004449698
"GLOBAL_000",2100,"SSP3","Table protection levels","Discount rate 3.0","H++","Migrationlevel   1.0",68138.3496,394703.572,60480.83155,387540.6655,53243.3688,379761.953,1.84829803364209,-2.00719903547774,12.6610660828455,-11.9665397523788
"GLOBAL_000",2100,"SSP3","Table protection levels","Discount rate 3.0","H++","Migrationlevel  10.0",79244.3494,418099.0795,65285.11485,407251.8365,57610.72405,396885.485,2.66352218156296,-2.54544008667718,21.3819560279138,-11.7551923093538
"GLOBAL_000",2100,"SSP3","Table protection levels","Discount rate 3.0","RCP 2.6 hig","Migrationlevel   1.0",31413.05987,126752.6567,27301.57515,124404.1241,24536.85415,122906.98885,1.8878253570695,-1.2034450311282,15.0595146888439,-10.1265988676848
"GLOBAL_000",2100,"SSP3","Table protection levels","Discount rate 3.0","RCP 2.6 hig","Migrationlevel  10.0",35775.77785,134929.4856,29602.902775,131215.1514,24653.653225,128819.211,2.8307205077843,-1.82596321723255,20.8522627727341,-16.7187981111761
"GLOBAL_000",2100,"SSP3","Table protection levels","Discount rate 3.0","RCP 2.6 low","Migrationlevel   1.0",25216.90018,63461.5033,22616.717965,62302.84025,20181.3522,61696.635025,1.85972749452622,-0.972997735845595,11.4967265322221,-10.7679892757596
"GLOBAL_000",2100,"SSP3","Table protection levels","Discount rate 3.0","RCP 2.6 low","Migrationlevel  10.0",28629.94753,67729.2257,24339.062345,66244.46025,20070.824505,64626.72785,2.2413428147752,-2.44206442907805,17.6296240347216,-17.5365746613358
"GLOBAL_000",2100,"SSP3","Table protection levels","Discount rate 3.0","RCP 8.5 hig","Migrationlevel   1.0",45800.1813,246834.691,40658.75435,242399.6345,36490.19655,239160.6995,1.82964652943815,-1.33619632169866,12.6453134932305,-10.2525467556534
"GLOBAL_000",2100,"SSP3","Table protection levels","Discount rate 3.0","RCP 8.5 hig","Migrationlevel  10.0",55537.8339,262115.204,44347.16975,253975.778,38621.5688,250151.7315,3.20480404237604,-1.5056737024741,25.234223994644,-12.9108598863854
"GLOBAL_000",2100,"SSP3","Table protection levels","Discount rate 3.0","RCP 8.5 low","Migrationlevel   1.0",33385.7749,130416.0272,29145.377,127891.0332,26376.6837,126297.48005,1.9743323177719,-1.246024142684,14.5491269507339,-9.49959679711811
"GLOBAL_000",2100,"SSP3","Table protection levels","Discount rate 3.0","RCP 8.5 low","Migrationlevel  10.0",38183.792075,139072.7271,32042.6247,135484.30195,27055.124955,132832.61785,2.64859109015028,-1.95718918120756,19.1656190230883,-15.5652035115588
"GLOBAL_000",2100,"SSP3","Table protection levels","Discount rate 4.5","H++","Migrationlevel   1.0",65746.41375,391831.488,59840.07655,386362.56415,53796.71115,380808.7005,1.41549010112605,-1.43747458095961,9.87020328268616,-10.0991939656869
"GLOBAL_000",2100,"SSP3","Table protection levels","Discount rate 4.5","H++","Migrationlevel  10.0",79294.67415,416979.0955,66307.5929,405756.755,61898.49465,400357.236,2.76578032570277,-1.33072806144658,19.5861147750999,-6.64946208596271
"GLOBAL_000",2100,"SSP3","Table protection levels","Discount rate 4.5","RCP 2.6 hig","Migrationlevel   1.0",31253.1993,127127.16675,26666.2331,124548.80105,23760.48437,123253.65385,2.07016501023155,-1.03987127060345,17.2014029233098,-10.8967349047886
"GLOBAL_000",2100,"SSP3","Table protection levels","Discount rate 4.5","RCP 2.6 hig","Migrationlevel  10.0",32574.760425,132769.59975,26165.3411,129640.3896,23514.675625,127827.7055,2.41376176024698,-1.39824024410368,24.4958370712775,-10.1304449457378
"GLOBAL_000",2100,"SSP3","Table protection levels","Discount rate 4.5","RCP 2.6 low","Migrationlevel   1.0",26188.94627,63631.76705,22463.91816,62208.99002,20741.117915,61524.5018,2.28709231502165,-1.10030434472564,16.5822724400452,-7.66918857489286
"GLOBAL_000",2100,"SSP3","Table protection levels","Discount rate 4.5","RCP 2.6 low","Migrationlevel  10.0",26006.428355,66791.51705,21453.43469,65164.2024,18565.727045,63969.38275,2.4972524638773,-1.83355217434535,21.2226794021112,-13.4603511592763
"GLOBAL_000",2100,"SSP3","Table protection levels","Discount rate 4.5","RCP 8.5 hig","Migrationlevel   1.0",44468.09735,246672.71,39627.29075,243244.8225,36038.94655,238429.517,1.40923348944045,-1.97961274180873,12.2158404180079,-9.0552347437479
"GLOBAL_000",2100,"SSP3","Table protection levels","Discount rate 4.5","RCP 8.5 hig","Migrationlevel  10.0",52714.48335,259124.1085,42108.81145,252048.746,39034.97335,248725.6665,2.80714052828495,-1.31842730929517,25.1863482601336,-7.29975032339698
"GLOBAL_000",2100,"SSP3","Table protection levels","Discount rate 4.5","RCP 8.5 low","Migrationlevel   1.0",33576.83385,130857.1045,29140.1924,128233.03035,26304.44245,126895.33235,2.04633247989058,-1.04317740628049,15.2251618283756,-9.73140434721358
"GLOBAL_000",2100,"SSP3","Table protection levels","Discount rate 4.5","RCP 8.5 low","Migrationlevel  10.0",35321.97995,136963.03505,28766.57455,133706.412,25771.0561,131669.67405,2.43565211367724,-1.52329115674722,22.7882725091438,-10.4131913405032
"GLOBAL_000",2100,"SSP3","Table protection levels","Discount rate 6.0","H++","Migrationlevel   1.0",67157.36045,402304.3005,59060.62635,389952.142,55733.36245,385705.342,3.16760883441949,-1.08905671814466,13.7091910472094,-5.63364140482062
"GLOBAL_000",2100,"SSP3","Table protection levels","Discount rate 6.0","H++","Migrationlevel  10.0",77892.18065,414735.8855,66925.99365,405216.1865,60592.9062,397606.0375,2.34928892703549,-1.87804664609567,16.3855423011713,-9.46282169992108
"GLOBAL_000",2100,"SSP3","Table protection levels","Discount rate 6.0","RCP 2.6 hig","Migrationlevel   1.0",32099.4469,128764.0347,27974.16728,125529.02615,25169.38815,123221.64005,2.57710001361307,-1.8381295312869,14.7467468064701,-10.0263185742986
"GLOBAL_000",2100,"SSP3","Table protection levels","Discount rate 6.0","RCP 2.6 hig","Migrationlevel  10.0",31177.782,131643.24705,24818.7436,128632.3229,22413.305555,126873.24925,2.34072127605184,-1.367520705793,25.6219190724868,-9.69202181934787
"GLOBAL_000",2100,"SSP3","Table protection levels","Discount rate 6.0","RCP 2.6 low","Migrationlevel   1.0",26444.17783,64584.93785,23537.26784,63523.46475,21340.3393,61687.7217,1.67099370945443,-2.88986606323295,12.3502439185397,-9.33382988600941
"GLOBAL_000",2100,"SSP3","Table protection levels","Discount rate 6.0","RCP 2.6 low","Migrationlevel  10.0",26159.912525,68872.8333,20147.10343,64469.5154,18084.933475,63580.61035,6.83007755321207,-1.37879902537625,29.8445338104863,-10.2355654358201
"GLOBAL_000",2100,"SSP3","Table protection levels","Discount rate 6.0","RCP 8.5 hig","Migrationlevel   1.0",46938.7997,250761.614,40087.04555,244450.1105,36351.49145,239542.6115,2.58191885742673,-2.00756669324558,17.0921903971544,-9.31860666893173
"GLOBAL_000",2100,"SSP3","Table protection levels","Discount rate 6.0","RCP 8.5 hig","Migrationlevel  10.0",51046.5849,257609.858,41781.9658,251256.182,38038.22005,247077.8475,2.52876404848021,-1.66297778894053,22.173727163407,-8.96019533384424
"GLOBAL_000",2100,"SSP3","Table protection levels","Discount rate 6.0","RCP 8.5 low","Migrationlevel   1.0",34540.00485,132653.9655,30935.70468,130699.4613,28090.068025,127763.41775,1.49541871141591,-2.24640830252604,11.6509392861194,-9.19855126765452
"GLOBAL_000",2100,"SSP3","Table protection levels","Discount rate 6.0","RCP 8.5 low","Migrationlevel  10.0",34480.585,136052.1858,28825.69643,133089.64655,25011.72932,130672.5896,2.22597273852329,-1.8161119310599,19.6175262711597,-13.2311360430156
"GLOBAL_000",2100,"SSP4","Table protection levels","Discount rate 0.0","H++","Migrationlevel   1.0",64621.7308,400321.944,57502.87975,392759.1255,49059.27495,383175.17,1.92556149787028,-2.44016112618624,12.3799904995193,-14.6837946842132
"GLOBAL_000",2100,"SSP4","Table protection levels","Discount rate 0.0","H++","Migrationlevel  10.0",73921.0154,425290.704,63834.76415,410564.75,57315.84055,404436.2775,3.58675556048103,-1.4926932962462,15.8005616286122,-10.2121840454861
"GLOBAL_000",2100,"SSP4","Table protection levels","Discount rate 0.0","RCP 2.6 hig","Migrationlevel   1.0",33783.1478,127883.85775,29183.28405,125930.61095,24355.076825,123181.9767,1.55105004674004,-2.18265775832004,15.7619812154075,-16.5444273397325
"GLOBAL_000",2100,"SSP4","Table protection levels","Discount rate 0.0","RCP 2.6 hig","Migrationlevel  10.0",41788.79215,138653.3428,34751.2586,135271.0065,30658.9599,133009.2048,2.50041482466535,-1.67205209639656,20.2511616370637,-11.7759726262116
"GLOBAL_000",2100,"SSP4","Table protection levels","Discount rate 0.0","RCP 2.6 low","Migrationlevel   1.0",27379.75691,63458.7201,22037.414195,61954.9435,19974.249275,61136.39945,2.42721002562128,-1.32119247272012,24.2421486828165,-9.36210075167579
"GLOBAL_000",2100,"SSP4","Table protection levels","Discount rate 0.0","RCP 2.6 low","Migrationlevel  10.0",35840.016145,70495.19575,28947.108285,68513.00745,26094.79153,67389.4426,2.8931561666543,-1.63992925112793,23.8120775040311,-9.85354642998324
"GLOBAL_000",2100,"SSP4","Table protection levels","Discount rate 0.0","RCP 8.5 hig","Migrationlevel   1.0",46046.9398,248943.293,40864.6041,245126.951,34231.0161,239451.8115,1.55688388585228,-2.31518381673176,12.6817225178991,-16.2330900937322
"GLOBAL_000",2100,"SSP4","Table protection levels","Discount rate 0.0","RCP 8.5 hig","Migrationlevel  10.0",54591.8662,266657.2485,47132.6643,260923.938,40738.09225,252160.202,2.1973110416569,-3.35873207616543,15.8259712468663,-13.5671771264583
"GLOBAL_000",2100,"SSP4","Table protection levels","Discount rate 0.0","RCP 8.5 low","Migrationlevel   1.0",33768.82625,131101.7952,28456.72768,128158.13425,24913.9542,126563.9926,2.29689747531573,-1.24388643711861,18.6672853946361,-12.4496868362343
"GLOBAL_000",2100,"SSP4","Table protection levels","Discount rate 0.0","RCP 8.5 low","Migrationlevel  10.0",43192.45828,143011.1615,35973.36835,139001.11775,31960.2361,137192.488,2.88490036260876,-1.30116201889318,20.0678731548362,-11.1558423191138
"GLOBAL_000",2100,"SSP4","Table protection levels","Discount rate 1.5","H++","Migrationlevel   1.0",61469.92725,397449.19,53443.1014,391028.94,45696.25265,382092.5822,1.64188614786415,-2.28534435328495,15.0193863000623,-14.4955074594529
"GLOBAL_000",2100,"SSP4","Table protection levels","Discount rate 1.5","H++","Migrationlevel  10.0",71126.67965,423516.2365,60412.2497,414507.938,49909.7147,397690.3775,2.1732511429009,-4.05723484600674,17.7355254988956,-17.3847771803804
"GLOBAL_000",2100,"SSP4","Table protection levels","Discount rate 1.5","RCP 2.6 hig","Migrationlevel   1.0",30748.70953,126979.97065,26556.549285,125042.7834,22210.79987,122324.4588,1.54921955296142,-2.17391561998772,15.7857867752715,-16.3641343924703
"GLOBAL_000",2100,"SSP4","Table protection levels","Discount rate 1.5","RCP 2.6 hig","Migrationlevel  10.0",35616.3164,136425.16165,30281.48459,133417.38335,26489.722075,130893.327,2.25441259937587,-1.89184968751674,17.6174711452613,-12.5217193487672
"GLOBAL_000",2100,"SSP4","Table protection levels","Discount rate 1.5","RCP 2.6 low","Migrationlevel   1.0",24511.078355,63453.7291,20750.20125,62239.3695,18097.92042,61009.3381,1.95111166735067,-1.9762915496758,18.1245331536242,-12.7819523196191
"GLOBAL_000",2100,"SSP4","Table protection levels","Discount rate 1.5","RCP 2.6 low","Migrationlevel  10.0",30070.91879,68985.5951,25316.593985,67309.6013,22363.85478,66061.6098,2.48997731026526,-1.85410621352171,18.7794803985754,-11.6632561502921
"GLOBAL_000",2100,"SSP4","Table protection levels","Discount rate 1.5","RCP 8.5 hig","Migrationlevel   1.0",41836.05455,246882.147,36813.8412,243671.212,31613.98555,238815.261,1.317732601092,-1.99282917343556,13.6421877921286,-14.1247299398901
"GLOBAL_000",2100,"SSP4","Table protection levels","Discount rate 1.5","RCP 8.5 hig","Migrationlevel  10.0",50901.4885,265464.0895,42283.167,258419.2115,36879.8489,254306.184,2.72614329217547,-1.59161057574854,20.3823935420921,-12.7788869268
"GLOBAL_000",2100,"SSP4","Table protection levels","Discount rate 1.5","RCP 8.5 low","Migrationlevel   1.0",31385.7467,130499.45185,26533.68558,128388.46185,22657.0054,125562.3659,1.64422096003169,-2.20120710948451,18.2864197488542,-14.6104097311008
"GLOBAL_000",2100,"SSP4","Table protection levels","Discount rate 1.5","RCP 8.5 low","Migrationlevel  10.0",36880.20995,140754.3043,31431.73712,137336.24005,27455.496925,134968.1004,2.48882905834293,-1.72433703524855,17.3343038890877,-12.6503991167256
"GLOBAL_000",2100,"SSP4","Table protection levels","Discount rate 3.0","H++","Migrationlevel   1.0",57308.23905,394514.4735,50409.97425,388166.5645,44135.46,380119.7625,1.63535697830565,-2.07302811110615,13.6843251809437,-12.4469697581724
"GLOBAL_000",2100,"SSP4","Table protection levels","Discount rate 3.0","H++","Migrationlevel  10.0",69459.809,421873.905,57723.69245,411489.7055,49784.9426,403185.83,2.52356240294815,-2.01800321830894,20.3315416112123,-13.7530180642489
"GLOBAL_000",2100,"SSP4","Table protection levels","Discount rate 3.0","RCP 2.6 hig","Migrationlevel   1.0",28523.710495,126648.1588,24635.4574,124345.5465,22139.175245,123061.67755,1.8517850979086,-1.0325009508885,15.7831577139704,-10.1328833253163
"GLOBAL_000",2100,"SSP4","Table protection levels","Discount rate 3.0","RCP 2.6 hig","Migrationlevel  10.0",32444.72306,134969.3681,27761.34025,131743.36385,22449.67017,129045.71635,2.44870341528022,-2.04765342341757,16.8701610506719,-19.1333344577987
"GLOBAL_000",2100,"SSP4","Table protection levels","Discount rate 3.0","RCP 2.6 low","Migrationlevel   1.0",23221.994825,63212.8436,20571.817215,62027.0781,18121.010215,61445.33113,1.91169008169031,-0.937891946259516,12.8825644438821,-11.9134200658413
"GLOBAL_000",2100,"SSP4","Table protection levels","Discount rate 3.0","RCP 2.6 low","Migrationlevel  10.0",26545.626805,67846.5174,22445.84301,66323.05035,18695.28885,64818.06005,2.29704008178205,-2.26918136614325,18.2652252943829,-16.7093486233913
"GLOBAL_000",2100,"SSP4","Table protection levels","Discount rate 3.0","RCP 8.5 hig","Migrationlevel   1.0",39689.03155,245964.063,35012.94825,242593.0595,31248.6189,239608.6545,1.38957128738466,-1.23021038035921,13.355297207798,-10.751249289611
"GLOBAL_000",2100,"SSP4","Table protection levels","Discount rate 3.0","RCP 8.5 hig","Migrationlevel  10.0",47558.8285,262973.597,38660.16945,255517.313,33545.30105,251207.523,2.91811302821583,-1.68669196987055,23.017641093138,-13.2303310429489
"GLOBAL_000",2100,"SSP4","Table protection levels","Discount rate 3.0","RCP 8.5 low","Migrationlevel   1.0",28946.43492,130038.2995,25630.66035,127847.38695,22859.80918,126239.2433,1.71369364855055,-1.25786196211341,12.9367504571532,-10.8106897448703
"GLOBAL_000",2100,"SSP4","Table protection levels","Discount rate 3.0","RCP 8.5 low","Migrationlevel  10.0",33641.3927,139222.13545,28710.00725,135727.9509,23857.00305,133052.93285,2.57440308118584,-1.97086748327237,17.1765385047055,-16.9035282984821
"GLOBAL_000",2100,"SSP4","Table protection levels","Discount rate 4.5","H++","Migrationlevel   1.0",54748.8129,391905.599,49438.9277,386372.0415,46252.9798,382264.9195,1.4321837259542,-1.06299668683454,10.7402920067783,-6.44420914493257
"GLOBAL_000",2100,"SSP4","Table protection levels","Discount rate 4.5","H++","Migrationlevel  10.0",65511.34365,418723.358,53397.62485,406521.617,49211.28595,400964.3645,3.00149868782992,-1.36702508983674,22.6858756995818,-7.83993466331116
"GLOBAL_000",2100,"SSP4","Table protection levels","Discount rate 4.5","RCP 2.6 hig","Migrationlevel   1.0",28220.89435,126403.425,24235.585675,124018.1826,21260.080675,122564.6545,1.92330055963907,-1.17202822161014,16.4440369976741,-12.27742147395
"GLOBAL_000",2100,"SSP4","Table protection levels","Discount rate 4.5","RCP 2.6 hig","Migrationlevel  10.0",29397.342825,133176.9345,23647.741555,129883.08985,21256.981275,128084.46475,2.53600730765184,-1.38480313494021,24.3135322526574,-10.1098883986006
"GLOBAL_000",2100,"SSP4","Table protection levels","Discount rate 4.5","RCP 2.6 low","Migrationlevel   1.0",23428.139955,63333.43685,20377.418515,62264.91155,18088.67928,61482.5243,1.71609542742537,-1.25654599119076,14.9710888931016,-11.2317427907526
"GLOBAL_000",2100,"SSP4","Table protection levels","Discount rate 4.5","RCP 2.6 low","Migrationlevel  10.0",23880.482645,66915.40105,19601.701795,65179.64515,16872.11479,64020.66945,2.66303367562903,-1.77812520662364,21.8286192431079,-13.9252552331771
"GLOBAL_000",2100,"SSP4","Table protection levels","Discount rate 4.5","RCP 8.5 hig","Migrationlevel   1.0",38083.43805,244969.132,33800.03415,241514.124,31520.93955,238999.921,1.43056146894332,-1.04101696346339,12.6727797995435,-6.74287661925336
"GLOBAL_000",2100,"SSP4","Table protection levels","Discount rate 4.5","RCP 8.5 hig","Migrationlevel  10.0",43477.656,259277.6135,35724.49565,252833.145,32363.8987,249465.695,2.54890176681543,-1.3318862920445,21.7026446670074,-9.40698220885869
"GLOBAL_000",2100,"SSP4","Table protection levels","Discount rate 4.5","RCP 8.5 low","Migrationlevel   1.0",29295.6723,130081.4918,25276.7042,127394.31695,23054.649525,126203.9016,2.10933651856282,-0.934433637622322,15.8998897490757,-8.79091932800321
"GLOBAL_000",2100,"SSP4","Table protection levels","Discount rate 4.5","RCP 8.5 low","Migrationlevel  10.0",30787.2392,137233.97615,25017.145325,133981.21405,22349.075625,131823.96405,2.42777476160658,-1.61011378744108,23.064557526609,-10.6649646286132
"GLOBAL_000",2100,"SSP4","Table protection levels","Discount rate 6.0","H++","Migrationlevel   1.0",56822.6943,400810.673,48647.78055,384968.05285,45744.0537,380973.91,4.11530775936179,-1.03752579478492,16.8042892349382,-5.96887836849117
"GLOBAL_000",2100,"SSP4","Table protection levels","Discount rate 6.0","H++","Migrationlevel  10.0",61937.93895,415173.9625,52645.7435,405329.556,48333.9969,398548.5935,2.4287413425139,-1.67295041765964,17.65042115893,-8.19011436318683
"GLOBAL_000",2100,"SSP4","Table protection levels","Discount rate 6.0","RCP 2.6 hig","Migrationlevel   1.0",28641.1146,127468.7466,25233.53305,125641.3499,22491.57818,123410.8098,1.45445484424869,-1.77532325287441,13.5041793126944,-10.8663137443609
"GLOBAL_000",2100,"SSP4","Table protection levels","Discount rate 6.0","RCP 2.6 hig","Migrationlevel  10.0",27867.42623,131835.3175,22439.8089,128886.44815,19837.077105,127039.75615,2.28795920155086,-1.43280540856459,24.1874489849154,-11.5987253126741
"GLOBAL_000",2100,"SSP4","Table protection levels","Discount rate 6.0","RCP 2.6 low","Migrationlevel   1.0",23586.537435,64606.7123,20873.022055,62766.6501,18888.667235,61853.68735,2.93159217047335,-1.45453477052776,13.0001078562076,-9.50679213949597
"GLOBAL_000",2100,"SSP4","Table protection levels","Discount rate 6.0","RCP 2.6 low","Migrationlevel  10.0",24616.832605,69642.8206,18248.863615,64517.61495,16017.67423,63581.9553,7.94388579610692,-1.45023905599288,34.8951536070757,-12.2264565732522
"GLOBAL_000",2100,"SSP4","Table protection levels","Discount rate 6.0","RCP 8.5 hig","Migrationlevel   1.0",39386.1916,248551.1165,35215.1889,245119.704,31631.34465,240144.985,1.39989256024885,-2.02950595925981,11.8443286271851,-10.1769843125845
"GLOBAL_000",2100,"SSP4","Table protection levels","Discount rate 6.0","RCP 8.5 hig","Migrationlevel  10.0",41725.99215,257887.1655,34206.78505,251611.874,30846.7783,247305.4515,2.49403631086186,-1.71153389207698,21.9816246660105,-9.82263239614211
"GLOBAL_000",2100,"SSP4","Table protection levels","Discount rate 6.0","RCP 8.5 low","Migrationlevel   1.0",29959.4646,132690.9091,26576.5404,129431.09155,23859.9833,126991.53545,2.51857379163082,-1.8848300441456,12.7289863506839,-10.2216355444067
"GLOBAL_000",2100,"SSP4","Table protection levels","Discount rate 6.0","RCP 8.5 low","Migrationlevel  10.0",30328.0389,136573.60595,23907.178155,132897.7102,21402.15915,130843.0398,2.76595867939943,-1.54605402674575,26.857459727664,-10.4781040604581
"GLOBAL_000",2100,"SSP5","Table protection levels","Discount rate 0.0","H++","Migrationlevel   1.0",52110.8549,385805.4135,46666.55655,377407.772,40520.35865,372181.662,2.22508441082131,-1.38473830899274,11.6663811356358,-13.170455148999
"GLOBAL_000",2100,"SSP5","Table protection levels","Discount rate 0.0","H++","Migrationlevel  10.0",65429.1099,409957.5255,57018.34835,401339.9795,51326.48785,395030.3865,2.1471935117792,-1.57213168941222,14.7509736661813,-9.98250679774382
"GLOBAL_000",2100,"SSP5","Table protection levels","Discount rate 0.0","RCP 2.6 hig","Migrationlevel   1.0",26995.03551,122888.9949,23139.137635,121031.84115,20688.103155,119639.1397,1.53443402360405,-1.15069012977664,16.6639653379632,-10.5925921642499
"GLOBAL_000",2100,"SSP5","Table protection levels","Discount rate 0.0","RCP 2.6 hig","Migrationlevel  10.0",37858.723925,137133.1557,31850.5935,132737.538,27055.645395,129069.79885,3.31151064441168,-2.7631514078557,18.8634802833423,-15.0545015903707
"GLOBAL_000",2100,"SSP5","Table protection levels","Discount rate 0.0","RCP 2.6 low","Migrationlevel   1.0",20531.78134,60273.13847,17824.439115,59709.01625,16662.0968,59256.94395,0.944785654545091,-0.757125687864603,15.1889336182346,-6.52105969506689
"GLOBAL_000",2100,"SSP5","Table protection levels","Discount rate 0.0","RCP 2.6 low","Migrationlevel  10.0",32639.07481,69576.74545,26322.040505,66480.27775,23272.74981,65584.60615,4.65772377131804,-1.34727415455178,23.9990296489364,-11.5845528556981
"GLOBAL_000",2100,"SSP5","Table protection levels","Discount rate 0.0","RCP 8.5 hig","Migrationlevel   1.0",36063.34415,238592.8705,30977.642,235212.519,29289.563,232973.884,1.43714778208722,-0.951749936405387,16.4173314095372,-5.44934633823969
"GLOBAL_000",2100,"SSP5","Table protection levels","Discount rate 0.0","RCP 8.5 hig","Migrationlevel  10.0",49848.80595,264947.823,42757.90265,254423.8055,36859.15465,249633.4,4.13641226665796,-1.88284484252005,16.583842659551,-13.7956907014007
"GLOBAL_000",2100,"SSP5","Table protection levels","Discount rate 0.0","RCP 8.5 low","Migrationlevel   1.0",26533.23638,125329.15335,22958.91923,123594.2855,20636.0354,122583.02475,1.40367966284331,-0.818209956802575,15.5683162355896,-10.1175661046132
"GLOBAL_000",2100,"SSP5","Table protection levels","Discount rate 0.0","RCP 8.5 low","Migrationlevel  10.0",38931.21135,141284.32905,32715.9265,136345.74835,27921.03685,132814.676,3.62210098940719,-2.5897927824898,18.9977344826227,-14.6561328471012
"GLOBAL_000",2100,"SSP5","Table protection levels","Discount rate 1.5","H++","Migrationlevel   1.0",52373.06925,389837.1455,45843.874,383506.363,39334.25265,375527.60125,1.65076335382732,-2.08047701936043,14.2422415042847,-14.1995446327245
"GLOBAL_000",2100,"SSP5","Table protection levels","Discount rate 1.5","H++","Migrationlevel  10.0",64149.33235,420589.9315,52838.20515,406247.2475,46035.4143,395819.3435,3.53053075147297,-2.56688606856345,21.4070995937302,-12.8747576316945
"GLOBAL_000",2100,"SSP5","Table protection levels","Discount rate 1.5","RCP 2.6 hig","Migrationlevel   1.0",25914.72879,124863.2563,21390.16728,122051.5588,19648.91852,120809.9405,2.30369650960983,-1.01728999793815,21.1525298085467,-8.1404167494664
"GLOBAL_000",2100,"SSP5","Table protection levels","Discount rate 1.5","RCP 2.6 hig","Migrationlevel  10.0",33023.912095,135792.3272,28040.956675,132604.1425,23792.52168,129798.18415,2.40428740753707,-2.11604124659981,17.7702760920513,-15.1508204382617
"GLOBAL_000",2100,"SSP5","Table protection levels","Discount rate 1.5","RCP 2.6 low","Migrationlevel   1.0",18886.600475,61196.82355,17284.375305,60574.818815,15607.67635,59939.541565,1.02683713656602,-1.04874808117905,9.26978928498798,-9.70066273968819
"GLOBAL_000",2100,"SSP5","Table protection levels","Discount rate 1.5","RCP 2.6 low","Migrationlevel  10.0",28271.8055,68648.2301,23613.903745,66972.15805,19951.08366,65158.5748,2.50264005043511,-2.70796597094275,19.7252508746516,-15.5112857431528
"GLOBAL_000",2100,"SSP5","Table protection levels","Discount rate 1.5","RCP 8.5 hig","Migrationlevel   1.0",35472.0868,242753.184,30503.74775,237338.389,26962.0589,234349.485,2.28146614747605,-1.2593428364427,16.2876348529993,-11.6106679055527
"GLOBAL_000",2100,"SSP5","Table protection levels","Discount rate 1.5","RCP 8.5 hig","Migrationlevel  10.0",45525.9417,263408.879,39718.72685,257551.8055,32819.5276,250072.4235,2.27413412560994,-2.90403011754464,14.6208484273206,-17.3701419888286
"GLOBAL_000",2100,"SSP5","Table protection levels","Discount rate 1.5","RCP 8.5 low","Migrationlevel   1.0",24769.310375,126692.15295,21328.66732,124944.38545,19898.38053,123652.60675,1.39883636523981,-1.03388295148079,16.131542601228,-6.70593604626584
"GLOBAL_000",2100,"SSP5","Table protection levels","Discount rate 1.5","RCP 8.5 low","Migrationlevel  10.0",34054.9606,139882.5812,29003.84513,136644.59265,24689.160345,133720.0693,2.36964265266883,-2.14024081984045,17.4153304410504,-14.8762509441796
"GLOBAL_000",2100,"SSP5","Table protection levels","Discount rate 3.0","H++","Migrationlevel   1.0",50392.64395,390712.2235,44834.9324,383422.3225,39060.0547,376199.92885,1.90127193233514,-1.88366540657006,12.3959405144548,-12.88030870322
"GLOBAL_000",2100,"SSP5","Table protection levels","Discount rate 3.0","H++","Migrationlevel  10.0",60300.24285,418135.159,50182.6635,406517.0475,45690.93935,402056.401,2.85796415462749,-1.09728399520563,20.1615032848944,-8.95074879793896
"GLOBAL_000",2100,"SSP5","Table protection levels","Discount rate 3.0","RCP 2.6 hig","Migrationlevel   1.0",25455.38007,125336.9224,23015.98484,123629.191,19410.214675,121486.1995,1.38133347487487,-1.73340251009165,10.5987001944862,-15.6663735663114
"GLOBAL_000",2100,"SSP5","Table protection levels","Discount rate 3.0","RCP 2.6 hig","Migrationlevel  10.0",30253.61037,134448.989,25375.6795,131105.3092,21171.08807,128685.3847,2.5503771131795,-1.84578680662613,19.2228581307547,-16.5693747432458
"GLOBAL_000",2100,"SSP5","Table protection levels","Discount rate 3.0","RCP 2.6 low","Migrationlevel   1.0",19971.63282,62355.86792,18019.36199,61417.4198,15449.65827,60423.88187,1.52798362916573,-1.61768099870585,10.8342949716168,-14.2607919271841
"GLOBAL_000",2100,"SSP5","Table protection levels","Discount rate 3.0","RCP 2.6 low","Migrationlevel  10.0",25386.558135,67745.31605,21664.05289,66178.11825,17774.79927,64679.08565,2.36815104666412,-2.26514842011241,17.182866308078,-17.9525670461932
"GLOBAL_000",2100,"SSP5","Table protection levels","Discount rate 3.0","RCP 8.5 hig","Migrationlevel   1.0",35556.913,243884.823,31016.9832,240260.1955,26961.725,235469.3415,1.50862588472338,-1.99402734607364,14.6369160750617,-13.0743153641067
"GLOBAL_000",2100,"SSP5","Table protection levels","Discount rate 3.0","RCP 8.5 hig","Migrationlevel  10.0",43627.70235,261508.4585,35815.0595,254743.906,30742.07275,250365.22,2.65543251111178,-1.71885799694066,21.8138485851182,-14.1643957062252
"GLOBAL_000",2100,"SSP5","Table protection levels","Discount rate 3.0","RCP 8.5 low","Migrationlevel   1.0",25667.30472,128637.4446,22588.70165,126702.7863,19333.115355,124331.1425,1.52692640509043,-1.87181661055547,13.6289509583212,-14.4124542678175
"GLOBAL_000",2100,"SSP5","Table protection levels","Discount rate 3.0","RCP 8.5 low","Migrationlevel  10.0",31375.122205,138710.61785,26478.948195,135064.2586,21921.6195,132545.90695,2.69972181226633,-1.86455815632041,18.4908175881568,-17.2111394358956
"GLOBAL_000",2100,"SSP5","Table protection levels","Discount rate 4.5","H++","Migrationlevel   1.0",49416.0795,390895.6245,44397.43795,384389.2153,40316.88745,380491.2195,1.69266174518502,-1.01407522501841,11.3038990124879,-9.19095940760248
"GLOBAL_000",2100,"SSP5","Table protection levels","Discount rate 4.5","H++","Migrationlevel  10.0",58888.60705,416970.958,48976.9327,405496.1085,43824.633,399861.599,2.82982974668918,-1.38953479007308,20.2374338358678,-10.5198496842576
"GLOBAL_000",2100,"SSP5","Table protection levels","Discount rate 4.5","RCP 2.6 hig","Migrationlevel   1.0",25584.787565,125313.8995,21943.68084,123365.7991,20110.16571,122350.4501,1.57912518235372,-0.823039292419257,16.5929624639947,-8.3555495696865
"GLOBAL_000",2100,"SSP5","Table protection levels","Discount rate 4.5","RCP 2.6 hig","Migrationlevel  10.0",28645.337525,133235.3541,23202.67968,129851.23665,20469.727205,128236.1898,2.60614957339337,-1.24376701498284,23.4570227235064,-11.7786070949198
"GLOBAL_000",2100,"SSP5","Table protection levels","Discount rate 4.5","RCP 2.6 low","Migrationlevel   1.0",20311.617595,62374.35415,18114.93534,61567.77355,15953.647305,60846.36068,1.310069462468,-1.17173779138551,12.1263599001066,-11.9309729482037
"GLOBAL_000",2100,"SSP5","Table protection levels","Discount rate 4.5","RCP 2.6 low","Migrationlevel  10.0",23513.51964,66955.0992,19119.291245,65172.81065,16413.20846,63987.7468,2.73471181037671,-1.81834086666017,22.9832180424008,-14.153677300709
"GLOBAL_000",2100,"SSP5","Table protection levels","Discount rate 4.5","RCP 8.5 hig","Migrationlevel   1.0",34787.1836,243666.976,31082.99615,240151.1755,28243.68655,238003.5525,1.46399470778355,-0.894279611802284,11.9170862169283,-9.13460718618659
"GLOBAL_000",2100,"SSP5","Table protection levels","Discount rate 4.5","RCP 8.5 hig","Migrationlevel  10.0",40919.9729,259100.9445,33829.8721,252639.4835,29720.6401,249261.71,2.55758162203495,-1.33699351075502,20.9581070216343,-12.1467559435438
"GLOBAL_000",2100,"SSP5","Table protection levels","Discount rate 4.5","RCP 8.5 low","Migrationlevel   1.0",25327.7903,128449.02705,22533.1953,126767.91985,20732.222075,125811.0739,1.32612982999894,-0.754801333911769,12.4021247887556,-7.99253368651182
"GLOBAL_000",2100,"SSP5","Table protection levels","Discount rate 4.5","RCP 8.5 low","Migrationlevel  10.0",29700.474395,137398.05605,24404.15745,134049.0523,21221.02325,131855.3832,2.49834198193731,-1.63646744408949,21.7025191541698,-13.0434095359436
"GLOBAL_000",2100,"SSP5","Table protection levels","Discount rate 6.0","H++","Migrationlevel   1.0",48044.5234,389231.954,43628.93585,384164.457,40233.7531,379477.43125,1.31909574341492,-1.2200571043458,10.1207775618942,-7.78195178005929
"GLOBAL_000",2100,"SSP5","Table protection levels","Discount rate 6.0","H++","Migrationlevel  10.0",59074.1918,416140.845,48200.72235,405268.5475,43837.95235,398327.903,2.68273902997616,-1.71260378897279,22.5587271722703,-9.05125439473833
"GLOBAL_000",2100,"SSP5","Table protection levels","Discount rate 6.0","RCP 2.6 hig","Migrationlevel   1.0",25761.637325,125253.68225,22189.336295,123121.66985,20268.43368,121868.59985,1.7316305103703,-1.0177493543798,16.0991792747084,-8.6568727854778
"GLOBAL_000",2100,"SSP5","Table protection levels","Discount rate 6.0","RCP 2.6 hig","Migrationlevel  10.0",28266.776205,135722.6876,21435.725905,128971.2463,19206.999175,127151.61615,5.23484225646349,-1.41088048863803,31.8675949220204,-10.3972533511456
"GLOBAL_000",2100,"SSP5","Table protection levels","Discount rate 6.0","RCP 2.6 low","Migrationlevel   1.0",21038.66749,62352.9317,18308.595175,61477.09955,16743.359615,60699.9713,1.42464780611141,-1.2640938750989,14.9114243277816,-8.5491843860161
"GLOBAL_000",2100,"SSP5","Table protection levels","Discount rate 6.0","RCP 2.6 low","Migrationlevel  10.0",23833.52626,69663.14675,17786.36791,64557.7087,15731.827025,63688.1801,7.90833217722301,-1.34690127253541,33.9988376525154,-11.5512109914519
"GLOBAL_000",2100,"SSP5","Table protection levels","Discount rate 6.0","RCP 8.5 hig","Migrationlevel   1.0",34408.3665,243260.6955,30622.75425,240149.509,27826.3903,236931.6065,1.29552065834122,-1.33995797592907,12.3620893767255,-9.13165395630604
"GLOBAL_000",2100,"SSP5","Table protection levels","Discount rate 6.0","RCP 8.5 hig","Migrationlevel  10.0",40976.2907,263620.233,32204.3117,251221.114,28616.69325,247582.4805,4.93554017119756,-1.44837885720067,27.2385234676511,-11.1401804932847
"GLOBAL_000",2100,"SSP5","Table protection levels","Discount rate 6.0","RCP 8.5 low","Migrationlevel   1.0",26057.09065,128359.73325,23214.9104,126697.9856,20992.15123,125139.071,1.31158174467456,-1.23041782599581,12.2429085489815,-9.57470492757104
"GLOBAL_000",2100,"SSP5","Table protection levels","Discount rate 6.0","RCP 8.5 low","Migrationlevel  10.0",29809.6496,140113.34635,23086.8983,133160.58025,20179.75705,131047.69015,5.22133959385477,-1.58672341021134,29.119335185879,-12.5921689965603
